date,building_id,temperature,occupancy,usage_kwh
2025-01-01,1,26.802457998151834,180,18.910009906571116
2025-01-01,2,37.15388932369561,223,29.11055259177862
2025-01-01,3,29.438477523502762,255,22.457512720531575
2025-01-01,4,30.195706387579147,426,33.12964707087631
2025-01-01,5,26.68787073559169,101,13.472609210024945
2025-01-02,1,36.091887647704624,57,19.719946349255927
2025-01-02,2,36.282996348976,464,43.753894383907934
2025-01-02,3,36.436792198395494,214,27.723267481240182
2025-01-02,4,23.645919014775178,248,26.38492761431135
2025-01-02,5,20.978043448462557,130,16.82921867582705
2025-01-03,1,22.312529834554265,407,31.234934591678154
2025-01-03,2,35.81784428213328,60,16.363179457528844
2025-01-03,3,30.165444591831506,167,19.022401410613032
2025-01-03,4,29.2183619737945,256,24.21448260968357
2025-01-03,5,33.87610012203153,497,40.056124780136614
2025-01-04,1,30.426301943971293,60,18.27147964442782
2025-01-04,2,33.61765573684535,140,21.246909404425402
2025-01-04,3,30.862014057645613,380,37.105116629280616
2025-01-04,4,34.48656819170576,160,28.660184185747866
2025-01-04,5,21.558159967474726,368,26.268107083477855
2025-01-05,1,38.65936951905526,106,27.082635221625015
2025-01-05,2,29.310331707182154,79,16.659852445564745
2025-01-05,3,34.541971927285466,482,40.65042729792327
2025-01-05,4,32.648772323376704,445,41.714973662895154
2025-01-05,5,22.22348550440478,201,25.264732687890003
2025-01-06,1,38.521497147357834,73,28.67552605784634
2025-01-06,2,27.800966154829474,251,29.53970032545927
2025-01-06,3,29.215052981667547,468,35.725990126745124
2025-01-06,4,32.37104487862176,59,17.322998875316646
2025-01-06,5,38.487396500175045,296,27.2565652660872
2025-01-07,1,27.254269645966783,497,32.55409220185963
2025-01-07,2,24.41530723993929,297,26.618795928106408
2025-01-07,3,20.38792745082221,185,23.649047839155827
2025-01-07,4,29.014220202978677,373,33.81263394996297
2025-01-07,5,24.50452434573735,129,18.49287055629251
2025-01-08,1,23.47213607462733,97,12.77320465186659
2025-01-08,2,31.37446535829058,146,19.626582254342043
2025-01-08,3,35.64314225343209,223,30.60040144916197
2025-01-08,4,37.92574053878468,315,36.489654332453995
2025-01-08,5,35.95730589688574,84,20.760200196048697
2025-01-09,1,29.38503316878647,440,37.38392635877561
2025-01-09,2,21.860549610055543,201,21.13023358314153
2025-01-09,3,30.28013180861984,115,22.040558223843774
2025-01-09,4,22.557005603322338,75,16.75633904035141
2025-01-09,5,25.711283887237272,469,38.45219416168748
2025-01-10,1,26.4654901593031,479,34.258381117920344
2025-01-10,2,20.03857490107359,198,19.46499567316153
2025-01-10,3,20.21186658723091,61,10.230671802912658
2025-01-10,4,20.64043343635667,349,31.51579280844742
2025-01-10,5,34.39405174893627,134,22.338040868483507
2025-01-11,1,28.805158331365117,443,35.29308618948445
2025-01-11,2,28.344565234994427,181,23.856938750235216
2025-01-11,3,28.58383648727638,451,34.41590155872208
2025-01-11,4,29.56251075912665,494,39.2126979632591
2025-01-11,5,35.9896515467954,288,32.10828112891785
2025-01-12,1,26.27289328684856,484,37.201317821167734
2025-01-12,2,29.283974916615897,493,38.013803381684625
2025-01-12,3,20.696421514611558,382,28.188678994405908
2025-01-12,4,24.408145666410576,156,20.28319938107149
2025-01-12,5,31.077345453261863,201,25.758932652214124
2025-01-13,1,33.90090846809045,200,28.09627357615657
2025-01-13,2,23.870184441217585,427,31.347081887583784
2025-01-13,3,35.30085240744259,450,41.68474717899444
2025-01-13,4,34.46868248254083,77,16.715066396158
2025-01-13,5,20.4642555012436,250,23.900387528137383
2025-01-14,1,22.72015811331694,463,31.304482686902357
2025-01-14,2,25.63947560113603,389,38.48659567328292
2025-01-14,3,35.993626306811244,468,43.327746828293
2025-01-14,4,31.012112834137973,194,23.07355541958058
2025-01-14,5,27.623403853955452,118,25.203096829669263
2025-01-15,1,32.78308780077186,127,20.93844293695837
2025-01-15,2,24.879091541119166,472,37.585197838928785
2025-01-15,3,38.76052796105523,126,26.597471924862266
2025-01-15,4,27.197324061861217,300,25.990448769069705
2025-01-15,5,20.330784250545943,94,12.98443992346194
2025-01-16,1,28.00477184997959,472,41.630144152653095
2025-01-16,2,31.853158193636943,272,29.29821929022009
2025-01-16,3,21.649103255559574,279,23.3382611946778
2025-01-16,4,23.412530574019645,381,29.156772571322982
2025-01-16,5,28.181886211316034,484,35.034743816193874
2025-01-17,1,22.177926184362118,455,34.88766434030573
2025-01-17,2,31.209309805211966,466,41.326076154165456
2025-01-17,3,30.632556022378488,136,16.4058868547592
2025-01-17,4,28.698968020959818,261,26.53999466347526
2025-01-17,5,38.42071213805117,321,33.289921752205544
2025-01-18,1,35.81257415112619,483,38.496108569121745
2025-01-18,2,32.94205878157979,399,33.80294651400513
2025-01-18,3,34.86253605876212,83,19.217118614784283
2025-01-18,4,36.20372995737414,71,24.627758154018295
2025-01-18,5,21.890754294829815,491,32.51591109676848
2025-01-19,1,35.85819682260448,167,28.876468386811737
2025-01-19,2,24.198655714161212,452,34.0251277740525
2025-01-19,3,22.305626048778993,289,26.131790252453538
2025-01-19,4,32.832933572556435,214,27.25244827404727
2025-01-19,5,27.093507369689068,96,18.256524220049958
2025-01-20,1,22.603655743147385,320,24.377084138312924
2025-01-20,2,35.17254327247461,438,35.92207650471733
2025-01-20,3,39.49808577624512,390,38.82384412468536
2025-01-20,4,38.777760483856056,463,47.98310485463569
2025-01-20,5,35.58293482680151,443,42.60165163671398
2025-01-21,1,23.332321476957432,101,13.499765826157875
2025-01-21,2,22.661653206943132,388,29.186067074049138
2025-01-21,3,35.81580401574333,244,30.584463244735556
2025-01-21,4,24.657914024800192,457,31.37567757321166
2025-01-21,5,32.2259698888161,73,20.754592162571573
2025-01-22,1,30.82979908509909,62,20.117301399149255
2025-01-22,2,26.201421003235083,354,31.142897009020665
2025-01-22,3,33.289026387112514,326,33.35613121889354
2025-01-22,4,36.81562445106621,464,39.660583901278834
2025-01-22,5,27.533541425085254,138,25.109191156390786
2025-01-23,1,38.69072642566326,124,27.281639020032756
2025-01-23,2,33.6064467140649,288,25.078967654216093
2025-01-23,3,31.841055330268446,419,34.304025990455415
2025-01-23,4,29.609958446000476,281,27.955661041293677
2025-01-23,5,25.603350583195564,102,14.704241649432737
2025-01-24,1,31.091382099723283,145,23.400140639527315
2025-01-24,2,32.53221903260095,488,40.08049878547584
2025-01-24,3,30.052540857893085,274,27.56340382587885
2025-01-24,4,34.27924090070242,125,22.914008374214394
2025-01-24,5,33.00627086047288,235,27.58515672302948
2025-01-25,1,35.79121890755525,53,20.08330578859783
2025-01-25,2,20.978406844160038,73,16.525521518510832
2025-01-25,3,21.52304448001288,83,16.79865968932711
2025-01-25,4,29.477685168760196,486,43.89548855459983
2025-01-25,5,30.205027143030147,123,15.10013296803242
2025-01-26,1,20.765556642841474,85,16.335163768195446
2025-01-26,2,25.311303596951852,155,22.795216904858194
2025-01-26,3,36.99261371748432,77,22.901580613913307
2025-01-26,4,30.54594045223206,422,40.09184655537617
2025-01-26,5,39.16659989297535,158,28.410801828860308
2025-01-27,1,38.3318657892208,460,47.70933323862731
2025-01-27,2,20.866072108282253,436,32.4234768758753
2025-01-27,3,32.463605070324284,245,26.389673997271544
2025-01-27,4,39.39994579719979,404,38.41533934264668
2025-01-27,5,36.96558750724789,207,30.649538920077735
2025-01-28,1,31.449897457337887,472,39.8001304014016
2025-01-28,2,32.3864986732429,177,27.13639090022535
2025-01-28,3,22.466100226751497,77,11.783979413246616
2025-01-28,4,25.90642718585479,176,19.834674557931432
2025-01-28,5,38.98571102092972,365,38.528116151182715
2025-01-29,1,28.752663070144877,106,18.564945734307255
2025-01-29,2,32.53678879720344,320,32.15579755101643
2025-01-29,3,28.480266203321023,227,23.008722184646153
2025-01-29,4,29.27826213442107,83,18.452120070938008
2025-01-29,5,35.929469167214314,328,29.481884096359096
2025-01-30,1,39.38779209253171,465,40.81042055385868
2025-01-30,2,26.389195741921863,437,34.44201945940725
2025-01-30,3,26.865502703656404,276,27.6310572144883
2025-01-30,4,27.632121600364485,467,36.80407687370324
2025-01-30,5,35.29173962630099,327,39.14996865437535
2025-01-31,1,20.917629799102574,350,26.343162400934705
2025-01-31,2,27.982819103525557,231,26.8503695589939
2025-01-31,3,26.19572282013165,394,37.90067841055726
2025-01-31,4,28.30432679264875,166,24.71926541951632
2025-01-31,5,26.02857697769873,271,23.623205464170645
2025-02-01,1,39.89494675719631,485,44.32896182648854
2025-02-01,2,25.897229014664823,333,28.328792033069906
2025-02-01,3,37.10618671574704,409,39.391722616388435
2025-02-01,4,26.2089157663033,467,37.87943403870346
2025-02-01,5,38.48864566504382,283,32.57815540223737
2025-02-02,1,30.496695695763222,268,30.752587135782424
2025-02-02,2,32.70190322578344,271,26.436099714579264
2025-02-02,3,37.106383888313914,209,25.38939597306729
2025-02-02,4,20.788330094275107,427,29.92571083212883
2025-02-02,5,20.58771929393683,135,16.957683356216627
2025-02-03,1,38.85863156374083,363,39.686402468689884
2025-02-03,2,25.142182070786433,174,18.80605932928704
2025-02-03,3,37.485044047215744,207,31.01439828932217
2025-02-03,4,29.568504125799357,399,36.62534601556865
2025-02-03,5,25.471394343268848,460,32.53034142904538
2025-02-04,1,24.64752323329083,98,17.523839291051292
2025-02-04,2,21.50238081325729,125,21.23667822476981
2025-02-04,3,39.02789678049756,406,39.78080016132761
2025-02-04,4,20.324569081008192,167,13.173218710129923
2025-02-04,5,26.412744477689305,230,23.42249014474927
2025-02-05,1,24.42424773615165,275,28.575759812882133
2025-02-05,2,39.4723206013751,427,32.38554501514657
2025-02-05,3,38.17833403541793,117,25.601513164239318
2025-02-05,4,38.254723997724724,59,20.904856062309307
2025-02-05,5,26.83097757469236,393,38.405059657357214
2025-02-06,1,31.184015411025214,260,32.46528597733505
2025-02-06,2,28.14001654460721,158,21.532993620633313
2025-02-06,3,23.144046067720993,185,19.783111055750737
2025-02-06,4,32.16403745457376,213,25.21401640890553
2025-02-06,5,22.69883220767483,178,14.13814787534198
2025-02-07,1,29.493282398345997,107,20.423710397392203
2025-02-07,2,21.157724989842542,138,15.672389738787182
2025-02-07,3,22.17734981162156,401,33.28118086373283
2025-02-07,4,32.327521611113966,98,21.020494877967135
2025-02-07,5,38.74571441793178,81,28.749749869871806
2025-02-08,1,33.825004152474946,374,34.2599927213126
2025-02-08,2,36.57929826030885,143,25.196553286882274
2025-02-08,3,37.758708621993186,425,41.87532193233251
2025-02-08,4,25.981757804829723,104,21.53572199274202
2025-02-08,5,36.78009794963307,396,36.165218766739784
2025-02-09,1,31.354147996736273,167,22.276449288605217
2025-02-09,2,24.432619316184756,254,29.126829262505506
2025-02-09,3,24.731933460722484,313,31.141778926576418
2025-02-09,4,28.496556078059214,190,24.35065181338496
2025-02-09,5,32.211954652145934,352,37.75670372027472
2025-02-10,1,38.218665508270576,458,42.97679460473479
2025-02-10,2,23.72977572344719,354,32.17951096663824
2025-02-10,3,20.22018340006085,448,28.77649795693138
2025-02-10,4,33.95088163860799,485,35.189374244696765
2025-02-10,5,24.68374814044641,271,27.82334938113604
2025-02-11,1,22.882193666275374,161,19.831781327949006
2025-02-11,2,34.56409097629803,479,37.64243189901497
2025-02-11,3,35.57023389046531,466,44.046727338254904
2025-02-11,4,39.38984355176289,141,25.393332589663625
2025-02-11,5,27.878295247313492,302,28.27846438299173
2025-02-12,1,34.97627287037651,288,30.456557685405084
2025-02-12,2,39.239398735606486,418,36.75703802895632
2025-02-12,3,25.790076962834977,214,19.450763151312646
2025-02-12,4,25.453292483900434,185,26.28496743652208
2025-02-12,5,36.67031584485639,68,21.132119967156683
2025-02-13,1,33.90721181980494,74,25.377212578587084
2025-02-13,2,29.72461609007869,163,23.184834693145362
2025-02-13,3,33.94753129949261,353,32.095086103223196
2025-02-13,4,21.077130505245318,164,15.592771634990388
2025-02-13,5,33.61343617855418,439,35.99806246752435
2025-02-14,1,23.334600813455385,95,16.779977099630802
2025-02-14,2,31.68832944466379,123,12.55931376259441
2025-02-14,3,38.5153287705715,218,30.2734897796003
2025-02-14,4,31.809366647380333,498,41.84090694710441
2025-02-14,5,29.45422415066837,138,24.59255660586041
2025-02-15,1,39.944807015075895,182,28.51423825834913
2025-02-15,2,21.528573842013977,103,15.7552467129695
2025-02-15,3,36.46696640954156,214,28.565821319264614
2025-02-15,4,23.413360409787757,80,18.51767720444246
2025-02-15,5,20.81903936760581,51,16.034600719830813
2025-02-16,1,37.642780523681274,495,43.291683808944974
2025-02-16,2,39.8737000939581,99,22.89455577302273
2025-02-16,3,27.36078493115747,73,22.51627158795373
2025-02-16,4,22.628034450853026,242,22.788878142369995
2025-02-16,5,35.97502619663871,125,22.182508423422952
2025-02-17,1,38.69760276310437,79,21.154091806037744
2025-02-17,2,33.66254898895771,415,39.865466124771004
2025-02-17,3,39.11345670052549,333,36.227609202256694
2025-02-17,4,26.270786525621237,274,29.66290480332593
2025-02-17,5,37.46363288205751,118,21.610311292620015
2025-02-18,1,21.25611781824638,66,11.097816616255884
2025-02-18,2,26.54676211798853,383,29.565666478348053
2025-02-18,3,34.29273964086782,278,30.004265462554798
2025-02-18,4,30.78060099282246,481,44.294245983481
2025-02-18,5,32.98432752762623,427,39.96589614335866
2025-02-19,1,37.39665725569685,394,45.268846473312735
2025-02-19,2,30.794819916258238,418,33.43355188964203
2025-02-19,3,33.56178923396363,233,34.10530062775898
2025-02-19,4,38.16903677045771,291,29.609833317746784
2025-02-19,5,38.634765026134176,151,26.642674077311174
2025-02-20,1,27.598333604756213,236,20.13930341735486
2025-02-20,2,20.529903385434032,325,26.867095209694455
2025-02-20,3,23.27720119469833,268,22.78900999413866
2025-02-20,4,33.76558234057252,195,27.86474371078898
2025-02-20,5,23.46702337216746,73,16.857821802470003
2025-02-21,1,34.543424863966926,215,25.264085086117113
2025-02-21,2,24.88689220670654,359,33.477101197466055
2025-02-21,3,37.65352619719971,77,28.33844914972917
2025-02-21,4,35.863207879483056,303,40.14453073618276
2025-02-21,5,20.438993864550874,313,20.439169885806763
2025-02-22,1,27.503362656785683,386,32.716203396691554
2025-02-22,2,20.038475212145762,430,28.378018623835377
2025-02-22,3,37.293661874361845,202,31.5997948808507
2025-02-22,4,22.76485038260932,92,19.888834889232974
2025-02-22,5,32.76132204384634,221,21.983052943050815
2025-02-23,1,22.085900695089617,434,34.37777682986459
2025-02-23,2,21.310882527980322,116,11.914595957938324
2025-02-23,3,24.141693534247825,205,19.500783980771196
2025-02-23,4,25.0313837275162,496,36.78856800383247
2025-02-23,5,20.1226106870789,382,27.99438379298366
2025-02-24,1,24.28446567892278,350,29.866360919002712
2025-02-24,2,39.12097743921054,142,29.042870871736586
2025-02-24,3,28.969924599555497,353,31.628462633020092
2025-02-24,4,34.13335729239223,150,22.749317574832443
2025-02-24,5,21.96616811179667,278,22.886854485763763
2025-02-25,1,21.745941311812867,439,34.15236207371466
2025-02-25,2,28.373274358001925,431,39.48218746457052
2025-02-25,3,31.565133205409143,213,24.82916492962175
2025-02-25,4,33.201477175738255,429,32.518432215026074
2025-02-25,5,37.54877908685489,195,30.937361226392067
2025-02-26,1,21.316748260768236,422,33.92600045523679
2025-02-26,2,38.86803012282357,98,27.927699079746343
2025-02-26,3,20.98191141957766,276,25.940426931704074
2025-02-26,4,20.2345814437528,142,23.98904186866769
2025-02-26,5,39.95336526599717,438,37.88794116037123
2025-02-27,1,26.464356328398537,375,36.481843956440194
2025-02-27,2,21.902902370418293,449,38.00793961732185
2025-02-27,3,34.38560150433748,74,15.128584671595078
2025-02-27,4,39.170896929376184,106,24.829392860546143
2025-02-27,5,23.841826078374776,145,17.103085976218132
2025-02-28,1,22.588260934699548,374,27.897734152490315
2025-02-28,2,26.206937761099958,475,34.8614569672573
2025-02-28,3,39.19249280667569,371,33.29693389329142
2025-02-28,4,26.71631006986928,90,19.56280797198277
2025-02-28,5,33.01521923991207,309,31.348508069217143
2025-03-01,1,37.15713067916363,106,19.85827269292197
2025-03-01,2,22.374413459637402,141,26.205897349360836
2025-03-01,3,32.77170477832283,457,35.910194473378915
2025-03-01,4,30.676389986317606,464,36.96445521656665
2025-03-01,5,31.243942829966315,50,18.46478884270914
2025-03-02,1,26.376907572175096,102,18.69142606828734
2025-03-02,2,31.27608706661718,79,23.38744561371026
2025-03-02,3,28.427785318252063,330,26.84042988151413
2025-03-02,4,33.85596365487294,306,35.22123151529563
2025-03-02,5,28.59763514671632,59,21.575076118071273
2025-03-03,1,31.342555576600958,91,17.385393282408334
2025-03-03,2,23.3315162232191,348,32.85849398364604
2025-03-03,3,38.3180807910466,278,29.649508739813413
2025-03-03,4,23.007034899620145,101,15.074029008130244
2025-03-03,5,38.86583060681848,67,21.246648920819467
2025-03-04,1,20.89841013347263,352,29.367060102499888
2025-03-04,2,20.043652497858627,452,28.10831364075842
2025-03-04,3,36.33478224126333,273,31.09602171131468
2025-03-04,4,20.91749776440033,254,23.372914115539213
2025-03-04,5,24.003620727351795,382,33.367936640422926
2025-03-05,1,22.242570599363717,113,18.53236075023007
2025-03-05,2,21.348003878169752,477,33.70035483041861
2025-03-05,3,30.720722679487256,209,27.904705445896443
2025-03-05,4,23.908784915185098,480,36.026824519028764
2025-03-05,5,26.98244742416578,61,15.594124879384957
2025-03-06,1,29.62274147874341,133,22.772591285975356
2025-03-06,2,38.20354429841884,469,46.142994649460114
2025-03-06,3,28.21328690273424,239,28.44524652811905
2025-03-06,4,34.56811950928605,63,22.07536398179152
2025-03-06,5,22.046962407309223,161,22.47582858479219
2025-03-07,1,33.78547943578522,232,30.70385093455425
2025-03-07,2,22.862922237172988,201,19.770183217698786
2025-03-07,3,32.69267729579894,256,28.339551860878686
2025-03-07,4,39.461381266298815,157,28.969379003294303
2025-03-07,5,31.510489620991898,155,24.431047817423426
2025-03-08,1,25.94334716964113,192,24.776679981146856
2025-03-08,2,31.557429632307105,67,17.080106392251036
2025-03-08,3,35.20846802487376,416,38.81514096639502
2025-03-08,4,21.488721772060163,294,22.215735329593336
2025-03-08,5,36.760351536910456,449,45.71288081189428
2025-03-09,1,30.8678573778817,290,32.428402596461666
2025-03-09,2,25.46779985736166,474,42.74942764269103
2025-03-09,3,32.3276038001714,100,18.7068341703332
2025-03-09,4,36.628845478864974,350,36.79831432188776
2025-03-09,5,37.39740987785948,125,21.521713431798297
2025-03-10,1,36.119133225530575,405,36.26513923132376
2025-03-10,2,24.060589432626443,454,34.42715982351176
2025-03-10,3,29.18922361272643,62,19.175132801244033
2025-03-10,4,23.880271692190288,173,17.485084387693224
2025-03-10,5,30.047116049327588,175,23.213743635089983
2025-03-11,1,24.255964074445803,109,17.93041819178038
2025-03-11,2,37.62719749812754,234,30.777372828629996
2025-03-11,3,39.85611436329925,415,39.74960199870241
2025-03-11,4,33.50224742635557,347,34.64177401440496
2025-03-11,5,22.612833167645864,264,22.998893660067978
2025-03-12,1,29.794519596209668,378,31.458103746722177
2025-03-12,2,26.783021896652784,102,16.48844134282479
2025-03-12,3,21.034420355046205,310,25.81259191479044
2025-03-12,4,33.521369091222326,266,34.142694458331086
2025-03-12,5,27.782438408350643,385,33.06979551025687
2025-03-13,1,28.43787409846585,292,26.893382635970802
2025-03-13,2,23.972685324982358,141,19.28767031442402
2025-03-13,3,22.98530535260375,216,24.364386749577704
2025-03-13,4,20.950493020763016,215,22.928799978266333
2025-03-13,5,29.581192483357256,75,16.441047798105757
2025-03-14,1,23.339706037301195,256,21.68408244838452
2025-03-14,2,23.987086080332535,378,30.722429925933206
2025-03-14,3,21.498190388520293,150,20.96313094686102
2025-03-14,4,32.945200947645084,319,31.752244823015605
2025-03-14,5,34.00665707220216,240,27.437141142235113
2025-03-15,1,37.376583051666834,180,28.419835241624614
2025-03-15,2,29.6185658341605,244,29.343913239549675
2025-03-15,3,38.060393382259015,345,34.85629705276382
2025-03-15,4,39.805884985723566,497,45.59846853420595
2025-03-15,5,35.296711690097496,204,28.033138313371893
2025-03-16,1,27.143206994876213,89,20.288673437903824
2025-03-16,2,31.13724566420661,266,31.313314743027906
2025-03-16,3,29.532499087629187,465,37.59706454085029
2025-03-16,4,20.7459182177595,327,27.201111207044217
2025-03-16,5,35.27248725247661,498,38.104921633157566
2025-03-17,1,34.831352912301114,165,23.63022985934639
2025-03-17,2,39.33040680092773,364,41.35749514680825
2025-03-17,3,37.19771594186672,439,43.51007890345923
2025-03-17,4,39.57334193605893,95,24.270439238848393
2025-03-17,5,31.306961779562556,398,34.98038548819751
2025-03-18,1,32.81189013314212,407,35.67938537343731
2025-03-18,2,21.53504948776957,165,20.303561885863584
2025-03-18,3,29.941243253043773,209,23.354545531201765
2025-03-18,4,39.642827666621784,147,24.587295955803754
2025-03-18,5,23.66657672094123,462,37.899862212837704
2025-03-19,1,25.8093492726802,265,22.511175861563203
2025-03-19,2,29.99811427729368,339,34.32407088309245
2025-03-19,3,24.325406242404846,112,18.32857963472758
2025-03-19,4,38.4121327399965,474,41.972122288395234
2025-03-19,5,39.47520201524259,377,37.2976526173346
2025-03-20,1,23.662843909596294,460,34.78521243602933
2025-03-20,2,26.48548454180728,366,35.272094538445764
2025-03-20,3,27.079134504522244,142,17.80085033031713
2025-03-20,4,29.96863079547717,441,36.43553676170647
2025-03-20,5,31.764211837351688,201,27.684491969073697
2025-03-21,1,30.51995690798739,292,29.115894069531045
2025-03-21,2,26.413629234571406,95,15.19412881576836
2025-03-21,3,39.4406903205377,134,27.24102247590202
2025-03-21,4,30.524572063984852,89,23.121577631766293
2025-03-21,5,24.44040218779896,217,23.536573804666588
2025-03-22,1,20.510256043035426,359,27.488129461246576
2025-03-22,2,39.94138137367494,109,30.940616844798065
2025-03-22,3,32.54489232351489,290,26.539693843443303
2025-03-22,4,39.993712029374436,277,32.86397316136617
2025-03-22,5,31.664213953914615,393,41.23306347441993
2025-03-23,1,25.780862604471523,91,16.660782175226228
2025-03-23,2,34.90939372374594,374,39.31165804013429
2025-03-23,3,24.049432186167476,144,16.30806749924682
2025-03-23,4,23.787498942440017,224,19.999942365952577
2025-03-23,5,20.9708830869987,323,27.767739640569506
2025-03-24,1,39.685967298992196,424,42.56607979411868
2025-03-24,2,32.47161520859578,174,30.851838494757015
2025-03-24,3,36.9016299511958,255,26.25123366878645
2025-03-24,4,26.597363515866746,243,26.451265017534297
2025-03-24,5,21.627946149147864,76,15.21197185281261
2025-03-25,1,29.30530662531104,484,40.55940343313332
2025-03-25,2,20.310436379165452,217,21.7181613334958
2025-03-25,3,39.1649225185114,306,38.036763562205444
2025-03-25,4,35.458496229692706,364,35.61526130345279
2025-03-25,5,28.659149235136663,317,31.50229615981316
2025-03-26,1,26.122413196499615,208,19.75486135334083
2025-03-26,2,31.119086318444296,274,29.46132244948329
2025-03-26,3,38.007202055095846,284,33.67384911380279
2025-03-26,4,33.42620591380619,237,34.05631483519623
2025-03-26,5,22.153963511937064,263,20.830316833154697
2025-03-27,1,28.372072731232315,492,41.707105565602035
2025-03-27,2,27.580326449492645,73,20.20268174824333
2025-03-27,3,22.111349603790277,428,32.37403681513291
2025-03-27,4,29.761603852252804,226,26.630701499358462
2025-03-27,5,20.71744018745949,477,32.54144874714035
2025-03-28,1,24.867670164036518,66,10.453243316981041
2025-03-28,2,22.04433467762878,64,13.835358929946972
2025-03-28,3,27.273911350863337,241,27.82606399551194
2025-03-28,4,32.0868277166038,124,29.60875784499006
2025-03-28,5,32.10194504430137,93,17.908507830577783
2025-03-29,1,31.66358439397161,101,19.086952073913107
2025-03-29,2,31.816506583633338,215,29.469973319594143
2025-03-29,3,28.546970710310735,288,23.73516024050562
2025-03-29,4,26.92847884290815,147,17.736759269969603
2025-03-29,5,39.24361768914105,266,30.7242568039043
2025-03-30,1,36.61345460380321,248,25.82942740110582
2025-03-30,2,22.552908615670045,221,20.072948123086537
2025-03-30,3,37.3422576399409,207,29.320370256290175
2025-03-30,4,31.038412030589875,368,28.971083303753716
2025-03-30,5,38.650440130418986,207,35.46564246308695
2025-03-31,1,24.5068941591563,191,18.93669216415892
2025-03-31,2,34.910438450954544,383,39.47026697226451
2025-03-31,3,29.624647838978397,234,22.84618464956891
2025-03-31,4,22.57289454395091,349,33.79429508730546
2025-03-31,5,21.773574728853443,163,17.40963462598848
2025-04-01,1,35.20713515856619,183,25.855196033893385
2025-04-01,2,25.728681657634873,237,26.77239674619832
2025-04-01,3,23.224768316307067,457,38.848193586493124
2025-04-01,4,29.29744586180378,271,26.851868931576817
2025-04-01,5,29.810661735332985,249,25.533837934357045
2025-04-02,1,29.08808692772139,483,36.843309422023886
2025-04-02,2,31.58893336270168,376,38.298221962097706
2025-04-02,3,39.65988616007602,323,39.88795038574247
2025-04-02,4,22.695143744481086,417,34.59267193123164
2025-04-02,5,23.96783717849666,158,21.03157157702079
2025-04-03,1,28.412645559086315,168,24.9418428957793
2025-04-03,2,37.30452734645751,54,18.87903915585749
2025-04-03,3,32.54557233095076,387,39.53020583867027
2025-04-03,4,24.432417429038434,203,23.94466904881856
2025-04-03,5,29.71056578302965,430,28.77159133274638
2025-04-04,1,35.22595493359624,224,33.41688758555032
2025-04-04,2,25.009024687030795,414,35.85332345023196
2025-04-04,3,38.775952596820105,325,30.971890538065317
2025-04-04,4,27.230951346379946,490,44.46219250698887
2025-04-04,5,26.497183975874933,254,23.65153938951807
2025-04-05,1,20.303856922196143,257,25.2297005594574
2025-04-05,2,33.57512300275747,152,27.142570051580027
2025-04-05,3,29.59709498979481,299,33.744733855353296
2025-04-05,4,29.459719264773703,496,37.890285048635235
2025-04-05,5,38.81475560883867,337,36.54800455815429
2025-04-06,1,24.546935799992603,68,18.788545004641442
2025-04-06,2,27.374912347062526,182,17.281834851086792
2025-04-06,3,22.322451540466062,339,30.544292305663454
2025-04-06,4,32.399685527112446,325,29.798360565769634
2025-04-06,5,20.71092299874491,176,23.434412460732638
2025-04-07,1,24.238251803958953,146,20.1558057137356
2025-04-07,2,37.42734651695551,491,44.56503379029388
2025-04-07,3,29.619575380976833,444,39.9016305827593
2025-04-07,4,27.299472419949126,333,29.969558984567612
2025-04-07,5,25.049069724713625,426,34.18668325737895
2025-04-08,1,35.86300435942759,485,43.59197869379701
2025-04-08,2,30.49975054970188,460,39.34033433765713
2025-04-08,3,34.334403076572514,327,34.955787513974336
2025-04-08,4,28.161512324433062,335,26.782172722716446
2025-04-08,5,35.9176109091018,144,23.2709444107551
2025-04-09,1,27.01146720338077,141,21.427264494001587
2025-04-09,2,22.536466952653164,392,30.83336642609411
2025-04-09,3,29.212410448065476,91,23.10574547301885
2025-04-09,4,23.13596965261349,405,28.46412587455719
2025-04-09,5,30.079392581089273,480,43.27203010791496
2025-04-10,1,20.020399085905655,147,15.633824137575736
2025-04-10,2,21.73512089403851,413,32.948290923919465
2025-04-10,3,36.20961602331052,140,24.778615575315204
2025-04-10,4,28.232050517724037,209,24.159668659823534
2025-04-10,5,34.1652191553224,176,23.06505133063256
2025-04-11,1,21.800825892789092,466,34.82988847480672
2025-04-11,2,35.33589416694933,349,37.242084972311886
2025-04-11,3,36.42638213453274,191,25.534607794369137
2025-04-11,4,26.113450854698094,315,30.86526344598385
2025-04-11,5,39.01785391648889,163,20.13111284012861
2025-04-12,1,30.08191224200302,221,26.24581129287226
2025-04-12,2,36.05980056664748,180,31.665052767939855
2025-04-12,3,21.869217140752,83,15.983251537583602
2025-04-12,4,39.63903770295614,98,21.472399528885294
2025-04-12,5,26.37538090888745,421,35.91533865664833
2025-04-13,1,33.679546024610104,337,33.644989444988994
2025-04-13,2,28.444147817298195,103,19.881831846434643
2025-04-13,3,29.848218895854927,346,26.237436371617015
2025-04-13,4,39.79659849016794,158,24.57564836170376
2025-04-13,5,33.249738165570776,52,18.412131995699305
2025-04-14,1,20.161600365992623,182,23.163576698154966
2025-04-14,2,30.37820528542698,431,38.09974557506816
2025-04-14,3,32.3866262683132,140,21.004638461930714
2025-04-14,4,36.14545313972668,442,42.02312008200103
2025-04-14,5,32.14540908321831,474,39.73409771345538
2025-04-15,1,20.757029644120905,341,27.363016857556556
2025-04-15,2,25.09112925312693,260,24.217015700513368
2025-04-15,3,31.703544552620116,283,29.234447104257317
2025-04-15,4,34.209018769411244,387,32.24630582080502
2025-04-15,5,36.65827303932906,365,39.117225385401554
2025-04-16,1,33.69645560284772,224,25.296791005294036
2025-04-16,2,20.373029508935723,410,31.431998924234342
2025-04-16,3,35.78168359610801,468,41.23188252389384
2025-04-16,4,33.62229541506058,450,40.337462560489286
2025-04-16,5,23.91402955820275,209,28.955273695184992
2025-04-17,1,33.78720912466275,284,30.86355719467707
2025-04-17,2,22.106108041420423,401,33.288053312775794
2025-04-17,3,22.474694193648396,130,20.368659782146437
2025-04-17,4,27.982445906052646,221,23.56581282658624
2025-04-17,5,23.500501359795916,484,38.926117688868786
2025-04-18,1,39.18441685598995,244,30.548029403387538
2025-04-18,2,28.15234353242171,397,33.90417880106473
2025-04-18,3,31.69105364254868,461,45.37719060623916
2025-04-18,4,27.41705242096,60,18.864550987579968
2025-04-18,5,27.335063712290324,393,31.829355017533977
2025-04-19,1,23.16912235880701,187,16.896359035086654
2025-04-19,2,29.101281452830225,409,34.84994207635921
2025-04-19,3,36.97356227284014,217,35.34405847508715
2025-04-19,4,33.747571045890126,236,28.697270926832807
2025-04-19,5,37.31283597269275,472,43.396952008838596
2025-04-20,1,25.167891808096762,189,27.943397953854923
2025-04-20,2,20.76039957433951,124,12.854325085005332
2025-04-20,3,36.64073955479495,267,27.079282879138045
2025-04-20,4,31.672560665115277,50,16.945445337812043
2025-04-20,5,24.1061711996591,346,33.87835912783539
2025-04-21,1,28.06682025756011,452,37.55476382249098
2025-04-21,2,23.240033496478613,447,31.051219874604257
2025-04-21,3,30.599331303810185,389,36.39138210015449
2025-04-21,4,22.328471667222626,257,19.897112287495908
2025-04-21,5,24.845821520961085,211,22.517965409447918
2025-04-22,1,23.627174473009052,89,14.289271302857262
2025-04-22,2,33.69093880396285,69,17.340769747955743
2025-04-22,3,23.36272622903558,449,31.54586090352281
2025-04-22,4,26.513755781915272,107,24.579456253462418
2025-04-22,5,34.84992027410904,415,43.211420975869245
2025-04-23,1,36.40889209265371,148,25.5501135640641
2025-04-23,2,35.37242753635459,267,31.298217197277193
2025-04-23,3,22.67895217252192,106,22.098452962927524
2025-04-23,4,21.418874828477243,256,26.212254896034374
2025-04-23,5,37.576762407878974,445,39.7521335280945
2025-04-24,1,22.595028338877594,212,25.24480136814799
2025-04-24,2,38.89536917493217,126,20.914261444589584
2025-04-24,3,24.128354116764545,286,27.34993532451112
2025-04-24,4,38.4994684971539,210,29.126413209402617
2025-04-24,5,28.572127738460175,153,18.976599965731126
2025-04-25,1,24.657594161878173,131,23.18382209672891
2025-04-25,2,24.585465638648913,206,18.40397146625087
2025-04-25,3,30.60002723191165,170,23.70685030995799
2025-04-25,4,21.04252557552909,375,34.74299202355927
2025-04-25,5,30.664788887458563,406,33.26056832034701
2025-04-26,1,36.49649105855514,322,33.53673447759599
2025-04-26,2,27.10666455499138,148,18.58934124498152
2025-04-26,3,37.416765614444486,99,18.97434961329003
2025-04-26,4,21.078282031127912,232,21.558100653809365
2025-04-26,5,35.427608527160075,192,26.934400022141787
2025-04-27,1,27.61400041861408,321,28.697061247642313
2025-04-27,2,35.56381911472164,392,35.3698940754027
2025-04-27,3,31.160800193924636,392,36.24704423283098
2025-04-27,4,32.43890957649459,70,25.11527467301705
2025-04-27,5,36.39254179553007,402,36.038275896469735
2025-04-28,1,20.717395302873186,294,28.018240112602804
2025-04-28,2,22.360812961357258,139,19.147844575052847
2025-04-28,3,25.651109814615335,369,26.60958807296332
2025-04-28,4,37.11647331582377,460,43.56935663293707
2025-04-28,5,35.6460578439129,305,34.60190220585303
2025-04-29,1,30.65992937678979,253,31.314427028262568
2025-04-29,2,33.57565582257095,453,38.334141463951596
2025-04-29,3,36.251323203432676,325,34.95437978124641
2025-04-29,4,35.77650637347941,363,38.33358067060336
2025-04-29,5,26.4600658595581,221,23.87580174761516
2025-04-30,1,28.30445828381985,157,17.820242401358115
2025-04-30,2,37.235587908365886,468,39.02897510758264
2025-04-30,3,30.949974338098784,111,19.609074509852768
2025-04-30,4,29.419052093588082,187,28.939586904270612
2025-04-30,5,29.831319100164976,350,33.6085379302228
2025-05-01,1,32.06333954840249,461,35.53843573606795
2025-05-01,2,21.453875440687504,269,21.84654025873382
2025-05-01,3,23.290842602058365,442,33.13279990242142
2025-05-01,4,32.266076455068884,172,28.4813262027344
2025-05-01,5,30.692691291061223,348,31.088092173246707
2025-05-02,1,37.567678825656046,152,22.367958169574315
2025-05-02,2,38.05865315385595,255,33.19529391792582
2025-05-02,3,31.081442712144725,447,35.09831954587678
2025-05-02,4,32.53665972989958,315,35.92470236018132
2025-05-02,5,28.472424375004206,107,16.222931733509945
2025-05-03,1,28.836254912060646,103,18.847049535748955
2025-05-03,2,39.97117840349797,122,28.230153727905027
2025-05-03,3,25.84000605730479,76,20.21749059928264
2025-05-03,4,36.2027230365148,115,25.744648249678065
2025-05-03,5,25.581729336905962,136,19.54969446983498
2025-05-04,1,30.888843904368464,50,21.98927583877655
2025-05-04,2,32.02812471404816,91,19.62534522173152
2025-05-04,3,39.54624034487198,201,31.218415157168224
2025-05-04,4,30.491845664505256,402,37.47331017593587
2025-05-04,5,29.981344120887577,200,24.634827017769876
2025-05-05,1,35.36594002395647,439,37.76373661915973
2025-05-05,2,37.36562414293613,393,37.606252269920994
2025-05-05,3,22.36868166801745,379,28.49730133907148
2025-05-05,4,23.907378532057322,222,21.460217561970506
2025-05-05,5,34.98399703946222,285,34.79609235827455
2025-05-06,1,26.794423227308513,363,31.41994653575318
2025-05-06,2,28.148844187457012,244,23.008708661419448
2025-05-06,3,35.14768125954559,241,29.65022655299559
2025-05-06,4,29.63886823771058,232,24.22565610186456
2025-05-06,5,20.85775457431236,366,25.045334282445488
2025-05-07,1,33.3148576069774,79,21.20381141332445
2025-05-07,2,30.12433456561084,302,29.632936174658425
2025-05-07,3,38.2283204526069,282,33.902304269303855
2025-05-07,4,30.39083716770034,96,17.15410569842264
2025-05-07,5,25.17723135756597,385,30.10637432885895
2025-05-08,1,27.65158431499433,297,22.427440829023766
2025-05-08,2,36.21750369681888,109,18.799892259056907
2025-05-08,3,30.31229589333673,82,20.6657562114421
2025-05-08,4,37.215344963652825,188,29.97844086988093
2025-05-08,5,37.293705389929386,208,32.77832269893102
2025-05-09,1,36.86518533338764,337,34.292915971046575
2025-05-09,2,39.74945231480521,282,36.81718774853543
2025-05-09,3,29.713829963404812,116,19.553604257852243
2025-05-09,4,21.488799404986345,485,27.47891492982759
2025-05-09,5,30.639935101064935,137,27.957851212038847
2025-05-10,1,28.592741582120638,126,20.40705424975111
2025-05-10,2,30.904955554035134,278,24.84741950604479
2025-05-10,3,27.824755083213773,143,21.6292440534596
2025-05-10,4,30.366442303625657,377,35.29408389024929
2025-05-10,5,38.81949756307936,249,35.31634808830394
2025-05-11,1,26.29910683086716,270,28.640374855173032
2025-05-11,2,26.64322429892361,172,21.43900532134005
2025-05-11,3,33.5317073781669,80,18.473859138495555
2025-05-11,4,32.20247258964806,218,26.713585779477324
2025-05-11,5,38.00269021429579,249,30.608964768765546
2025-05-12,1,30.640039116614123,192,30.291897138214935
2025-05-12,2,21.20883144597728,251,20.889869829077686
2025-05-12,3,38.067653070705816,218,26.955362649318136
2025-05-12,4,28.534244805950266,120,17.66527770711726
2025-05-12,5,38.80045553056794,421,41.48160708663438
2025-05-13,1,22.341799247553592,402,33.79512609405129
2025-05-13,2,36.67925019848609,136,19.282581799783742
2025-05-13,3,31.174197962939346,117,24.837778129010633
2025-05-13,4,26.123674568588658,437,39.3095906446122
2025-05-13,5,29.645491991905153,53,15.033334166037498
2025-05-14,1,23.9977777586033,272,30.29040289067455
2025-05-14,2,39.68981346461924,428,40.04370342482322
2025-05-14,3,22.368509794901282,174,17.180011660751536
2025-05-14,4,25.701924231577003,293,30.885907369556474
2025-05-14,5,27.36823684507711,107,20.210217622161032
2025-05-15,1,22.271357777910925,256,21.39854393735174
2025-05-15,2,35.54158763987631,190,28.36808796890547
2025-05-15,3,38.50269110338102,198,26.092146844403924
2025-05-15,4,31.118633733458736,261,28.03941751945717
2025-05-15,5,27.171933623455537,158,23.841338312717916
2025-05-16,1,25.591354670654276,417,33.48433001397968
2025-05-16,2,20.137476641766654,424,31.732055334454145
2025-05-16,3,27.260526711507723,492,41.843079050785114
2025-05-16,4,20.567318486243394,131,18.539773589334676
2025-05-16,5,25.236583666617424,65,12.658991484254765
2025-05-17,1,31.084626917020604,261,26.234913023189517
2025-05-17,2,24.942298682354068,172,23.65441843378762
2025-05-17,3,37.18097228512252,116,24.66162892050799
2025-05-17,4,28.392305230296863,297,30.777965822233295
2025-05-17,5,28.30254042828252,168,24.43566186574977
2025-05-18,1,30.419537150798547,486,38.29377880356431
2025-05-18,2,28.831113069139093,342,32.18548934861991
2025-05-18,3,33.69856069191036,281,30.164152241366438
2025-05-18,4,32.597652142370556,101,18.002252605637295
2025-05-18,5,34.622318313762456,316,36.439996699885796
2025-05-19,1,35.1611996702122,206,31.308222841762664
2025-05-19,2,26.54855873922645,161,23.21716699843016
2025-05-19,3,21.408955259305827,433,30.958634714788907
2025-05-19,4,34.22928337159514,353,29.065107797815894
2025-05-19,5,32.40630029770016,126,26.638473667074294
2025-05-20,1,27.638582430233626,324,30.037165811141787
2025-05-20,2,32.49054025035414,311,31.638941758146316
2025-05-20,3,26.724639174596476,88,16.558699321650614
2025-05-20,4,25.746416906624365,456,35.7881727243366
2025-05-20,5,39.759074714203706,480,48.16235271186055
2025-05-21,1,38.144137315486596,156,28.53707372863856
2025-05-21,2,22.158679831111947,311,26.789882043282635
2025-05-21,3,31.86800326859514,218,27.00685181793931
2025-05-21,4,34.327132499504685,78,19.54820022280333
2025-05-21,5,26.609227045969398,102,20.04641834359967
2025-05-22,1,24.69487960686193,213,24.519995770396182
2025-05-22,2,39.44222282443846,488,44.37125648262508
2025-05-22,3,22.67018449150914,392,32.5967772560911
2025-05-22,4,33.14123411156187,459,43.371773107969396
2025-05-22,5,34.006770271760736,138,27.384669860933233
2025-05-23,1,26.07515945270138,272,25.998582122647893
2025-05-23,2,21.53590636299349,127,19.914141088956058
2025-05-23,3,32.49194169367226,78,16.90726572582885
2025-05-23,4,28.186337817514517,351,37.041255246194254
2025-05-23,5,31.63848808712254,484,36.269893351951474
2025-05-24,1,30.86302153134956,187,29.193309994430837
2025-05-24,2,30.11633805253411,436,33.20847632846792
2025-05-24,3,36.2987263173666,318,31.068599220156045
2025-05-24,4,34.52500200687072,129,24.694235456708167
2025-05-24,5,24.695120551559228,138,17.22665579173505
2025-05-25,1,35.388386958240645,159,26.214056645238244
2025-05-25,2,21.982077756389224,84,13.109867988270631
2025-05-25,3,38.30294876532363,331,30.365363586745815
2025-05-25,4,31.485256177132822,81,17.29578273919179
2025-05-25,5,31.07883651553024,476,43.50862657064051
2025-05-26,1,30.13714275107842,331,35.826463351649956
2025-05-26,2,32.6986552749263,336,31.08007958927645
2025-05-26,3,24.01671309851831,343,30.168579405885072
2025-05-26,4,34.66146088930705,370,34.04086920547657
2025-05-26,5,20.999420244213116,186,19.64743920694442
2025-05-27,1,21.09670167695821,343,31.45094787546967
2025-05-27,2,31.263913453926087,201,28.852055445668793
2025-05-27,3,21.361113799210084,460,36.293049323106096
2025-05-27,4,38.52294732534392,461,38.337023145384386
2025-05-27,5,28.607074613233348,498,35.80651653922959
2025-05-28,1,28.12165497239306,51,15.639396608856147
2025-05-28,2,35.32441381458638,160,27.29628045795069
2025-05-28,3,33.60600619317508,154,27.632329440083105
2025-05-28,4,39.54293905086042,113,27.29785127079351
2025-05-28,5,24.37447318623206,310,29.272261940885027
2025-05-29,1,25.898771710279306,317,37.55358174003928
2025-05-29,2,33.42636456038694,407,38.107489700789756
2025-05-29,3,27.357385869172234,332,28.53822222699693
2025-05-29,4,31.21034832525477,135,20.51142736411687
2025-05-29,5,36.64438105148686,215,31.029420627799215
2025-05-30,1,31.51569513461617,136,21.70569567960349
2025-05-30,2,23.783845328868082,208,21.064860171814583
2025-05-30,3,28.915972502835942,288,30.24846988718548
2025-05-30,4,33.98744436464811,325,34.33086499519427
2025-05-30,5,35.9094831546288,215,28.262073492806433
2025-05-31,1,36.05349497741506,198,25.669090414671096
2025-05-31,2,25.22047301062079,404,30.740444874930223
2025-05-31,3,32.72144355918992,480,41.63935725476481
2025-05-31,4,21.36784109213908,315,27.741285248222812
2025-05-31,5,34.38611024346043,149,23.60406685364016
2025-06-01,1,20.74529759079109,443,31.177532064646357
2025-06-01,2,33.949339064822965,439,38.48522034210482
2025-06-01,3,26.846542904851933,299,31.262693613361137
2025-06-01,4,34.01037733817532,233,31.872857553131926
2025-06-01,5,27.66213135466149,301,27.540521876502304
2025-06-02,1,28.18217845709759,392,34.543291841107745
2025-06-02,2,37.86867803154401,88,20.195234770406202
2025-06-02,3,36.92416587287867,214,25.616080466163467
2025-06-02,4,34.08967804554577,418,42.66474181106826
2025-06-02,5,36.58875768886896,285,30.71016567039023
2025-06-03,1,21.688390877925528,190,20.426950444727947
2025-06-03,2,32.537727836710154,306,31.558209845954227
2025-06-03,3,28.989292460164748,93,18.27722169133784
2025-06-03,4,28.520623433748185,192,26.425312099839168
2025-06-03,5,39.291631212793945,442,42.09184047242689
2025-06-04,1,28.150770494472056,375,31.576790390425764
2025-06-04,2,30.03398205668485,450,38.706216941002154
2025-06-04,3,28.498073626257323,449,37.62470267590736
2025-06-04,4,26.02858819574513,76,13.576496139422034
2025-06-04,5,27.796308063168958,194,27.38188502053697
2025-06-05,1,39.657318142070764,80,30.659467472670222
2025-06-05,2,34.4667752077725,177,29.206964841977136
2025-06-05,3,36.05234917157138,52,27.836799239445874
2025-06-05,4,24.9104835122073,288,26.564937492689282
2025-06-05,5,36.17316948068308,232,30.72737543545198
2025-06-06,1,38.21197110332599,311,41.07363651779933
2025-06-06,2,28.14373204121935,459,36.596028145836364
2025-06-06,3,22.52684258710627,244,24.483895170920082
2025-06-06,4,39.9849061853719,223,34.70945419953933
2025-06-06,5,34.408623617807606,409,46.41690565822855
2025-06-07,1,30.22500003585459,176,22.764000106517116
2025-06-07,2,36.27859274138952,413,38.64138194658822
2025-06-07,3,35.52366374246635,363,29.178697475146755
2025-06-07,4,31.372412455868748,128,21.53725586002821
2025-06-07,5,29.52706822873577,162,22.964265243499668
2025-06-08,1,34.974986651544015,127,24.2194819742175
2025-06-08,2,34.81236925580234,359,37.284742358940576
2025-06-08,3,33.51433842835968,216,24.27359047509
2025-06-08,4,23.9150752421537,131,21.48781536965103
2025-06-08,5,34.891228043091616,258,34.47975920143401
2025-06-09,1,37.444835625236465,376,42.481582282220806
2025-06-09,2,20.536702143606174,98,14.467648242010045
2025-06-09,3,25.505641138194584,137,26.333759562602637
2025-06-09,4,35.6934839021495,112,21.766543793325113
2025-06-09,5,23.28686012323547,254,25.15801908746067
2025-06-10,1,31.796122704018195,355,33.64949178067834
2025-06-10,2,32.162340281421855,327,31.754219279706078
2025-06-10,3,38.047802411639665,55,26.036813240796008
2025-06-10,4,23.15732280124122,182,16.900723951666006
2025-06-10,5,32.642089263584715,493,40.43744445499275
2025-06-11,1,37.93757502632483,257,35.42845912518063
2025-06-11,2,38.05215232051033,463,41.143120299471626
2025-06-11,3,32.92804726301355,79,22.93787180230307
2025-06-11,4,34.06333457034482,417,38.82134315326545
2025-06-11,5,32.134195544555006,68,16.388083763839923
2025-06-12,1,24.08888313251006,204,21.38285717416049
2025-06-12,2,26.658553136802073,461,31.460194609601793
2025-06-12,3,39.43724797330264,326,34.16643933796971
2025-06-12,4,38.47736262053446,164,30.292451102512647
2025-06-12,5,27.24294788598272,93,16.06925953777398
2025-06-13,1,36.89027026949902,228,30.713909594051504
2025-06-13,2,24.802748212562822,275,25.762885720502435
2025-06-13,3,39.69273569153741,172,25.64758025613186
2025-06-13,4,36.273438851454486,447,37.20127201879311
2025-06-13,5,39.69873775100804,64,27.73509756388214
2025-06-14,1,34.97238706295445,487,46.77378392861402
2025-06-14,2,23.57124919076231,82,15.703541219558677
2025-06-14,3,39.48762038097951,217,31.349460950401465
2025-06-14,4,32.03771933600571,172,25.242671292391186
2025-06-14,5,21.075408156554683,184,21.143240583143086
2025-06-15,1,37.01272182807124,305,28.49680546641062
2025-06-15,2,28.53825357971919,234,24.893010693483255
2025-06-15,3,27.395553087920902,109,24.93011391816145
2025-06-15,4,27.42969743936885,51,16.510218630026607
2025-06-15,5,30.17265285219002,58,15.020050148185094
2025-06-16,1,37.187039875280135,202,24.78986825513998
2025-06-16,2,28.572482906810045,475,38.497205826608976
2025-06-16,3,25.61698965153912,109,24.174797115671144
2025-06-16,4,23.349999046063566,386,32.775446596490305
2025-06-16,5,26.57938102385052,70,19.327565901747107
2025-06-17,1,25.468894424216003,76,17.30125309546631
2025-06-17,2,21.227791535837625,70,9.399332477529095
2025-06-17,3,33.97687911050351,101,20.481977679599314
2025-06-17,4,33.136746337122155,148,24.55214335272922
2025-06-17,5,26.305831957968074,432,39.05994232670811
2025-06-18,1,31.698576915733284,413,33.69038932201616
2025-06-18,2,32.73510137000777,485,40.2972753132985
2025-06-18,3,23.263889350266933,473,38.907523149355654
2025-06-18,4,29.891510265798125,367,33.47831015738378
2025-06-18,5,20.01620500064663,360,27.9963110897529
2025-06-19,1,31.009821620538364,454,36.03993775991115
2025-06-19,2,37.193303425028496,78,22.736024593983405
2025-06-19,3,26.98444901503425,441,34.43255256361116
2025-06-19,4,36.68998672302315,410,38.92037457236957
2025-06-19,5,28.77877072794938,392,34.754021615990055
2025-06-20,1,22.12239947238123,51,15.368084034887955
2025-06-20,2,36.45102089360853,137,29.885784417702418
2025-06-20,3,33.3843418788008,252,32.381988972162425
2025-06-20,4,34.612661456916385,464,41.75070268206543
2025-06-20,5,21.70497819365022,336,26.509426714921318
2025-06-21,1,28.362298245432573,418,31.17273140566296
2025-06-21,2,22.394535684978152,444,32.82951958853252
2025-06-21,3,22.887847833103617,284,29.508936275728207
2025-06-21,4,23.69582635501638,294,31.99766382013361
2025-06-21,5,35.46405583134461,199,25.356162596133228
2025-06-22,1,39.79128291301595,50,33.779495877840404
2025-06-22,2,32.37249741931591,112,19.42134323092315
2025-06-22,3,27.082536882312226,446,36.52111310613262
2025-06-22,4,33.460822499897716,292,33.30536408297159
2025-06-22,5,23.634800618831292,438,30.152015749681922
2025-06-23,1,37.83843525447453,84,23.060089610566678
2025-06-23,2,36.646649188969214,387,41.860507828155065
2025-06-23,3,29.72684404364977,337,31.629627777633843
2025-06-23,4,34.40368005492295,278,32.942426210416656
2025-06-23,5,27.48575538459097,493,43.37935024714888
2025-06-24,1,36.391056196997695,289,34.12635755394529
2025-06-24,2,22.9017866111573,77,19.620550732200805
2025-06-24,3,34.398297698441475,122,17.738797999457592
2025-06-24,4,28.857455330542884,402,34.94548828609179
2025-06-24,5,30.96831451531942,308,26.43160943134704
2025-06-25,1,25.877197655114955,496,37.79399949172931
2025-06-25,2,21.568179801456637,235,25.250532137937196
2025-06-25,3,38.52008853391648,110,21.4421003947264
2025-06-25,4,25.28764260837404,165,19.411157704482715
2025-06-25,5,35.65987355460062,73,19.812502960437847
2025-06-26,1,27.612159015563684,340,28.01468785386707
2025-06-26,2,30.451122149740666,129,26.771219616985956
2025-06-26,3,26.50605800740663,386,31.19679402846111
2025-06-26,4,20.069281859817472,206,17.687167625641788
2025-06-26,5,20.08507692767089,140,17.929243877416575
2025-06-27,1,22.720208952224286,220,21.690990760025944
2025-06-27,2,32.8715424833346,278,27.141588440463828
2025-06-27,3,35.91794546532563,445,35.99850834686856
2025-06-27,4,21.294285718235642,481,42.195045449131
2025-06-27,5,37.11251535254878,203,32.160981715182885
2025-06-28,1,39.548744714783176,330,40.24020463903561
2025-06-28,2,37.89864488940451,368,33.51519799558991
2025-06-28,3,21.556235972176815,364,26.80966952507223
2025-06-28,4,20.03571005350772,441,30.108871480617996
2025-06-28,5,38.74030209312912,426,37.460008509666814
2025-06-29,1,23.799560836459136,485,36.752221575241286
2025-06-29,2,27.037518846042502,164,18.040140636829182
2025-06-29,3,35.32609990816747,214,32.96427939934985
2025-06-29,4,35.82899692302174,342,33.62575757525359
2025-06-29,5,22.30384380045196,59,13.873477187051025
2025-06-30,1,34.92772605405453,463,39.42185935707613
2025-06-30,2,39.105962936933864,342,35.871245415045074
2025-06-30,3,34.48624191614062,458,37.683628987160944
2025-06-30,4,29.843126402950404,192,24.985566025667204
2025-06-30,5,38.17666332642581,427,41.03050608505998
2025-07-01,1,31.221897218754783,203,16.885718846040533
2025-07-01,2,25.002801517443842,173,19.616816269079777
2025-07-01,3,33.699369886751825,397,34.15548810351231
2025-07-01,4,31.546562128001455,65,18.173191610111964
2025-07-01,5,24.63719624215586,337,30.258207865415894
2025-07-02,1,29.19367232240426,224,28.216496772278656
2025-07-02,2,29.01016050681686,124,19.414195217581334
2025-07-02,3,30.145562866999345,358,33.73213341507459
2025-07-02,4,35.870174984152996,139,32.36921168789034
2025-07-02,5,26.015616265175677,455,36.79912273278392
2025-07-03,1,32.90095520489888,193,26.82724154418557
2025-07-03,2,34.87346864286614,349,34.01485728498792
2025-07-03,3,27.801568850893908,408,38.81394629631913
2025-07-03,4,24.7123141560642,347,28.09863244304988
2025-07-03,5,31.882251800921946,415,36.348863039514455
2025-07-04,1,34.55630654496807,310,28.86040155865922
2025-07-04,2,22.640907746926892,105,14.127783113913024
2025-07-04,3,22.3696343055469,254,20.95421016665999
2025-07-04,4,22.16961322543153,461,35.281192864070775
2025-07-04,5,21.225255056489882,274,24.369685354275678
2025-07-05,1,39.9176355407513,342,35.05150178703335
2025-07-05,2,23.368635359684795,112,20.666258280145
2025-07-05,3,39.41206062420453,62,24.06245404185025
2025-07-05,4,37.784744711325246,84,22.752515298164475
2025-07-05,5,21.93227255988699,86,19.448130928262817
2025-07-06,1,31.683710143493265,406,34.24999919382175
2025-07-06,2,37.78029006103012,326,27.832534061610303
2025-07-06,3,25.650502932362997,295,28.346320538931845
2025-07-06,4,33.35866570412895,467,39.68269477556084
2025-07-06,5,35.66564976758147,81,19.344877986290186
2025-07-07,1,30.63387291071345,165,24.565068919635113
2025-07-07,2,22.25890957329222,442,32.74353257980148
2025-07-07,3,38.722902839346034,198,26.910957517505288
2025-07-07,4,31.614306461520854,285,26.841754959091546
2025-07-07,5,27.612618837343355,205,25.90152433095105
2025-07-08,1,21.728930452927706,179,21.322268563598133
2025-07-08,2,37.809949001812996,494,41.113174247384265
2025-07-08,3,33.12793782557085,461,42.38109474173755
2025-07-08,4,39.24213767689876,478,42.74939357488049
2025-07-08,5,35.6200031526502,290,33.16770743049468
2025-07-09,1,28.717280130725747,155,23.847066383559834
2025-07-09,2,39.120240523252036,369,34.637513855556655
2025-07-09,3,31.875616527637987,312,32.73906892180526
2025-07-09,4,25.98058658160943,186,20.92845275794317
2025-07-09,5,39.79734593802267,75,27.040196712976023
2025-07-10,1,21.054677115234796,251,21.457326706459153
2025-07-10,2,35.38445040766615,274,32.718219617226296
2025-07-10,3,29.740125179907267,95,24.952465250714976
2025-07-10,4,32.662114365585566,351,32.49023586375481
2025-07-10,5,21.588463457696264,408,33.0268288931904
2025-07-11,1,30.216930242635826,433,37.3822641776717
2025-07-11,2,21.07253230510645,107,19.56664155053337
2025-07-11,3,25.542450157379303,377,27.815806940509656
2025-07-11,4,34.49018759546247,452,42.8826475434816
2025-07-11,5,21.196959907901636,387,29.442956967648175
2025-07-12,1,33.29190559175498,388,36.852905026985184
2025-07-12,2,37.938501544453224,86,25.334414425975133
2025-07-12,3,31.76659723420091,273,25.609226824340414
2025-07-12,4,29.68151851179183,489,45.780903137510215
2025-07-12,5,26.804742096317142,331,30.683192912839694
2025-07-13,1,25.156174252767016,61,15.67139103990676
2025-07-13,2,25.858115752534168,345,26.90896821490894
2025-07-13,3,20.085582577667434,388,28.199877777961333
2025-07-13,4,22.969634886990043,327,28.706542629929736
2025-07-13,5,37.267029851622645,246,31.79739587332496
2025-07-14,1,20.529191063732256,347,30.848268813782543
2025-07-14,2,33.710510166210746,208,24.589600763617753
2025-07-14,3,31.075840042222634,148,21.998548869566978
2025-07-14,4,36.848645943641415,180,25.810217806490037
2025-07-14,5,30.76583491980314,131,24.19419733029033
2025-07-15,1,34.201198447188546,408,42.07377062793928
2025-07-15,2,30.634539258234696,177,26.41159923145365
2025-07-15,3,36.06768439159116,150,24.841935160797078
2025-07-15,4,36.28743933534487,283,28.184395959900787
2025-07-15,5,31.76321202924222,456,41.427470146250656
2025-07-16,1,39.11891082838568,79,24.456270512801783
2025-07-16,2,24.61945124967962,367,32.00596032010357
2025-07-16,3,25.856500079404434,160,17.2778722374126
2025-07-16,4,21.775731047137086,241,19.14791371079453
2025-07-16,5,25.33631905096468,126,24.546866198762324
2025-07-17,1,31.992881620971886,420,36.3502308651982
2025-07-17,2,27.276271043682613,154,25.029745471251047
2025-07-17,3,33.20846962422915,180,21.294726547145224
2025-07-17,4,31.65958024309935,401,38.848808374262234
2025-07-17,5,35.96076920449912,367,38.17068249517539
2025-07-18,1,25.375845272962618,333,30.396845757996747
2025-07-18,2,28.120984924960823,156,26.313626402039805
2025-07-18,3,27.213421724015838,475,31.292901739646545
2025-07-18,4,30.725739367371837,429,38.53480107493993
2025-07-18,5,28.133707335997226,361,32.29829804629284
2025-07-19,1,20.247357351987073,279,22.329385628106134
2025-07-19,2,33.24179349669359,310,29.638776858514454
2025-07-19,3,32.55301187986116,195,20.46832754335191
2025-07-19,4,36.6784532826879,415,41.837968191200474
2025-07-19,5,33.9666333649659,355,36.885112121181976
2025-07-20,1,33.315125324182304,123,18.60533795668493
2025-07-20,2,36.252825027348024,166,28.58382657101111
2025-07-20,3,36.23936524456559,107,22.340338942713114
2025-07-20,4,23.46733692670197,209,19.43562885297855
2025-07-20,5,37.81282756398738,122,22.44394631704955
2025-07-21,1,21.973199160458552,385,28.861041110149266
2025-07-21,2,32.23978439379763,341,32.79971249190619
2025-07-21,3,20.803105149685024,391,25.693569053454677
2025-07-21,4,36.34306644570263,122,21.949974781383467
2025-07-21,5,29.253401708153067,111,20.983057786650885
2025-07-22,1,23.500074522423716,140,23.478310742475934
2025-07-22,2,36.30859419153657,305,30.321816844818493
2025-07-22,3,35.555952675168655,52,23.372008192661298
2025-07-22,4,23.16521230306271,316,24.187753751801864
2025-07-22,5,30.06595235967523,188,29.744381474076036
2025-07-23,1,27.940910628985804,94,23.276688767361847
2025-07-23,2,33.07905783878876,282,27.706512701475628
2025-07-23,3,20.868215423383255,363,32.02027765620835
2025-07-23,4,24.11218956012762,256,26.652974524832253
2025-07-23,5,29.518299137421472,203,21.617413681972074
2025-07-24,1,34.04668275551362,142,22.705998361891098
2025-07-24,2,33.78899848472324,360,28.923763071519353
2025-07-24,3,30.492204595582766,470,37.06678381534577
2025-07-24,4,39.03316175499158,478,43.40936991418249
2025-07-24,5,23.55343002707803,400,25.309625500102285
2025-07-25,1,38.37970475250266,196,28.84478414382118
2025-07-25,2,34.2852062036129,496,46.367731855966284
2025-07-25,3,37.75771333498551,226,30.380116571219535
2025-07-25,4,32.8165922068184,317,30.733914422305652
2025-07-25,5,24.19276272268409,463,36.404460212383576
2025-07-26,1,37.07315340585011,332,33.242004675599006
2025-07-26,2,37.91762433668684,220,27.953046876189983
2025-07-26,3,27.628676982069877,436,32.297707009455465
2025-07-26,4,21.873417751962105,416,26.561882327800348
2025-07-26,5,22.537820643694783,358,28.31461382275125
2025-07-27,1,35.14370499583092,442,47.93187956103033
2025-07-27,2,32.42469607927766,430,39.60709696070471
2025-07-27,3,25.651528613997307,274,28.312200805068677
2025-07-27,4,21.622502914984178,219,25.032831982096194
2025-07-27,5,39.71078933470824,307,38.20284150018866
2025-07-28,1,39.69708342262389,156,28.077714547453176
2025-07-28,2,33.26938767290929,132,25.62827308017965
2025-07-28,3,34.16611614745207,446,40.468818147184834
2025-07-28,4,29.445087399017275,287,25.86889270260135
2025-07-28,5,37.190603888882336,145,20.654424004142115
2025-07-29,1,37.3567270497332,330,34.32631769858806
2025-07-29,2,33.52027250600154,54,21.48295570958077
2025-07-29,3,28.39196032197895,380,35.61420664773587
2025-07-29,4,24.824958129552154,349,24.67863570127149
2025-07-29,5,20.662862358517383,484,34.82915487841861
2025-07-30,1,33.65812176220875,298,29.761347623914194
2025-07-30,2,27.568854280191367,221,23.456501824640036
2025-07-30,3,39.58207348027188,359,36.346102634421555
2025-07-30,4,23.117130160052803,445,38.84082183198582
2025-07-30,5,24.283233938181496,248,30.150036526875095
2025-07-31,1,22.383298976030297,314,28.57462404700661
2025-07-31,2,22.589483692280293,89,16.739237152831596
2025-07-31,3,37.89531299382989,389,41.145807612409094
2025-07-31,4,22.386793234204887,299,28.354633393485226
2025-07-31,5,32.00139596112113,96,19.859972689627515
2025-08-01,1,39.810849447840276,479,40.08441958225955
2025-08-01,2,37.77606538834064,446,38.867280250103406
2025-08-01,3,37.1625266801189,467,44.414907233997546
2025-08-01,4,36.44300166917661,85,18.642383234687372
2025-08-01,5,25.346843003192234,286,26.37120052580671
2025-08-02,1,38.5387706470776,356,38.14435666664727
2025-08-02,2,29.636746980736948,456,37.605616886546684
2025-08-02,3,26.924711466460124,176,22.219783130442217
2025-08-02,4,30.433638274277627,57,15.262653757594384
2025-08-02,5,26.48732968140358,371,33.17213448923913
2025-08-03,1,32.7263711356342,73,21.696479035224193
2025-08-03,2,37.49295185964115,245,32.71208532759709
2025-08-03,3,24.810493567728635,78,17.266354378415937
2025-08-03,4,32.936515784506284,497,42.82918774348791
2025-08-03,5,35.271367507046804,211,29.371093675959806
2025-08-04,1,27.60341282692316,396,40.01930604850225
2025-08-04,2,37.474576506674694,329,36.28335978890437
2025-08-04,3,22.131970200162215,484,37.16986132294665
2025-08-04,4,37.277936032280024,414,38.85468106150687
2025-08-04,5,20.74358057287978,395,33.42332921424527
2025-08-05,1,21.031838252730374,444,37.24932746011048
2025-08-05,2,32.12282659525222,206,27.463469614833755
2025-08-05,3,38.861406415640815,306,37.95342962658032
2025-08-05,4,32.64581903616289,443,37.09727391158561
2025-08-05,5,28.86758148312871,204,30.820686048544996
2025-08-06,1,36.52784978058841,407,38.756126672531266
2025-08-06,2,29.118564744573415,180,22.143892554936038
2025-08-06,3,25.07921501136454,169,25.662259458237436
2025-08-06,4,30.055555105012147,436,33.986798926099404
2025-08-06,5,24.167407416628517,68,17.74775814863218
2025-08-07,1,37.182852665428754,173,30.601394910659494
2025-08-07,2,30.438353717735325,298,29.794996700963786
2025-08-07,3,23.52332304328766,341,29.473025236180444
2025-08-07,4,27.442523510737214,281,32.279484734121965
2025-08-07,5,36.666044296098974,478,39.66169794151514
2025-08-08,1,33.44835908621158,241,23.720429840947677
2025-08-08,2,21.365320434666433,276,28.159783125439944
2025-08-08,3,33.736132021008885,432,40.021041783307275
2025-08-08,4,22.45997327802093,165,19.86012716948195
2025-08-08,5,25.693836206187633,97,12.324914254786488
2025-08-09,1,28.46184244205668,181,17.801850050789106
2025-08-09,2,29.6614108949756,458,39.270587158095374
2025-08-09,3,30.839688994315253,406,33.22427514665226
2025-08-09,4,20.838330814136878,254,20.99870571607893
2025-08-09,5,34.75320720052951,461,43.2032755220518
2025-08-10,1,27.321829981351236,450,32.8254937099005
2025-08-10,2,32.91800766603469,394,37.04052978104912
2025-08-10,3,29.912001818428145,195,23.339737950630933
2025-08-10,4,29.355400646306485,387,28.84321390786719
2025-08-10,5,33.54107329160428,185,24.04292306056058
2025-08-11,1,21.633228947949107,371,25.93716167715118
2025-08-11,2,32.815062884338786,226,29.677558950538266
2025-08-11,3,34.36337729103609,76,21.74369391086738
2025-08-11,4,22.014207630835024,131,13.377176650761161
2025-08-11,5,22.406336155203025,407,27.43411863914936
2025-08-12,1,26.74735156314526,364,25.387758091700572
2025-08-12,2,32.281228615571166,129,22.46781503181185
2025-08-12,3,34.620165516165365,181,28.763709133067984
2025-08-12,4,38.667799906749615,77,23.866822156273805
2025-08-12,5,24.442725264862705,326,29.488790493071836
2025-08-13,1,37.37437975831135,394,36.93932247322587
2025-08-13,2,36.625832756678186,441,41.74967124364677
2025-08-13,3,30.01745694905025,422,32.65524113083907
2025-08-13,4,33.91930828523859,324,27.949493573672363
2025-08-13,5,33.539021932612386,187,23.72686603117494
2025-08-14,1,28.022981395021667,309,26.20228167403334
2025-08-14,2,25.608133399554198,274,24.395949684683337
2025-08-14,3,38.931146029705175,436,41.81377436182279
2025-08-14,4,31.955909532775493,370,34.11566796370474
2025-08-14,5,32.34112795962026,262,30.7966188353976
2025-08-15,1,22.860764630621563,335,27.401686700577862
2025-08-15,2,38.925597402448005,150,26.38157866152613
2025-08-15,3,24.69113925234781,292,30.136270613844857
2025-08-15,4,32.88690021895223,90,22.791098921396884
2025-08-15,5,35.85986831236092,425,41.63298578590403
2025-08-16,1,31.070461353714595,155,22.6130490263148
2025-08-16,2,34.258850883250574,236,29.592421276156422
2025-08-16,3,37.262738887998516,414,37.66424413346534
2025-08-16,4,29.583525802669907,411,36.517591334744125
2025-08-16,5,30.883687671884104,51,21.690287595920417
2025-08-17,1,30.467901950455534,316,29.173994219342724
2025-08-17,2,20.04995940831801,343,19.876091930401934
2025-08-17,3,36.9416109902879,303,30.18590963778578
2025-08-17,4,30.13347837034347,448,35.977408701638
2025-08-17,5,27.63913387707028,337,30.18496850672904
2025-08-18,1,32.18033417127718,75,18.616612243172696
2025-08-18,2,35.697846892558786,334,40.81856215307923
2025-08-18,3,27.12140100406315,324,26.926152943015317
2025-08-18,4,35.235405416322365,475,45.809599280142166
2025-08-18,5,28.85111694817067,495,35.939216922307146
2025-08-19,1,34.398181299711155,63,19.643820510078076
2025-08-19,2,31.416046352264004,241,28.225915217934872
2025-08-19,3,21.42301218980733,243,25.92567873179748
2025-08-19,4,23.752216168978755,131,19.072437862623467
2025-08-19,5,26.10476851811049,142,16.392212117920216
2025-08-20,1,28.701488326276078,469,34.44021071529316
2025-08-20,2,30.98693627899118,202,25.872952678582923
2025-08-20,3,39.12237926502186,398,38.02599296516636
2025-08-20,4,37.49035686821864,343,37.72748503240422
2025-08-20,5,26.024886873132928,183,23.461746661925748
2025-08-21,1,35.70674800824147,483,40.74447404049802
2025-08-21,2,37.55313616246666,87,17.57447063515414
2025-08-21,3,32.42169188215535,171,27.374937031541346
2025-08-21,4,25.718132000606907,326,23.874631613808965
2025-08-21,5,32.14813943752381,304,31.769817991715577
2025-08-22,1,39.268994508180405,350,36.53465250631389
2025-08-22,2,20.52551628545571,200,20.204084278038902
2025-08-22,3,27.008127215391394,400,30.730331642193697
2025-08-22,4,37.24361244435377,178,29.56262099282679
2025-08-22,5,20.753018349100515,443,30.38207604049372
2025-08-23,1,20.0071529657352,96,14.113697302398673
2025-08-23,2,22.27396230035231,490,37.64098474729332
2025-08-23,3,37.85984556261776,188,23.48335026010617
2025-08-23,4,23.586269694817613,476,39.472274617831765
2025-08-23,5,36.09532430616244,99,29.446573221135157
2025-08-24,1,31.74195806530478,465,34.12759377832106
2025-08-24,2,35.607103926630856,98,17.762536620199516
2025-08-24,3,33.29520583822416,109,18.442504835986803
2025-08-24,4,29.46359328867095,469,36.438808852314004
2025-08-24,5,26.704130545823745,135,22.23008967083363
2025-08-25,1,27.72063729459383,92,14.161745544525264
2025-08-25,2,30.093997872382346,470,37.635557710404726
2025-08-25,3,35.0125688251892,139,22.3213547001203
2025-08-25,4,31.7562175492995,433,35.846695863863246
2025-08-25,5,38.75105697630561,467,37.92203841779861
2025-08-26,1,36.3256414918132,196,28.253443710605662
2025-08-26,2,23.111610213294476,339,29.046909905988777
2025-08-26,3,20.11669973938379,331,28.745473438395265
2025-08-26,4,22.044395271642408,441,30.12121571718323
2025-08-26,5,24.25631439186348,284,26.97180181937532
2025-08-27,1,22.119079122898174,246,24.021567802615643
2025-08-27,2,23.971909950861235,368,33.8291416970956
2025-08-27,3,26.861388119207994,236,22.51792488716074
2025-08-27,4,32.859354493113,101,22.946492549016035
2025-08-27,5,23.47432434034645,134,17.6074763100269
2025-08-28,1,34.62972176240413,237,25.537017713879315
2025-08-28,2,33.21929399700739,272,29.027162418841385
2025-08-28,3,25.07591585325816,412,36.906389428880495
2025-08-28,4,29.832002805102917,264,33.99409770202033
2025-08-28,5,22.67523301485444,438,34.577387470840186
2025-08-29,1,31.340764842134114,170,25.379874211364815
2025-08-29,2,28.227802588864478,493,33.65912793785827
2025-08-29,3,28.08873295964948,454,37.19467052144956
2025-08-29,4,21.26511494387668,281,22.543284659173096
2025-08-29,5,25.339041005100693,341,32.29646204120998
2025-08-30,1,32.701456074959665,189,23.342285067886095
2025-08-30,2,29.239604677239093,58,20.869775725086807
2025-08-30,3,20.921182594125657,462,36.70412362680517
2025-08-30,4,31.736801109711408,268,26.49908961476533
2025-08-30,5,21.400697333344056,410,30.148503763755745
2025-08-31,1,35.14774855249958,483,42.66191465684548
2025-08-31,2,29.079183951221065,217,23.71499118499784
2025-08-31,3,38.56626712064664,361,37.09032409689516
2025-08-31,4,27.41633867289587,316,32.32383117472678
2025-08-31,5,28.992396200563206,326,27.557745886102737
2025-09-01,1,33.138292004935074,181,26.991225946549513
2025-09-01,2,37.3000063036244,345,34.91351859610513
2025-09-01,3,20.51700848425063,343,25.366773382034335
2025-09-01,4,20.245571456203876,170,18.898123285033737
2025-09-01,5,36.45595516191755,447,39.10041695930284
2025-09-02,1,35.1226240042726,477,38.06759242570619
2025-09-02,2,20.439514625079397,448,33.16306954768178
2025-09-02,3,27.315168703149652,344,32.10558806539528
2025-09-02,4,39.411592958176925,206,33.17377184477812
2025-09-02,5,38.031681990225565,219,26.718406919765236
2025-09-03,1,34.671802069671884,153,27.24961030868669
2025-09-03,2,23.03019813180514,453,30.88048195108121
2025-09-03,3,23.722729401500256,188,19.908835321284727
2025-09-03,4,25.579000766528154,226,25.014042595936303
2025-09-03,5,36.97270588273538,372,36.856045851035454
2025-09-04,1,24.99230985807296,151,18.991575103097166
2025-09-04,2,26.060952734424713,116,16.123641271594273
2025-09-04,3,28.647055204860266,461,35.2090440182643
2025-09-04,4,24.9646446578911,412,39.187399340834304
2025-09-04,5,34.51386165486535,284,36.91498187577
2025-09-05,1,25.49245085265034,98,21.3553829694393
2025-09-05,2,37.57275910031201,65,27.586018143180464
2025-09-05,3,34.28476817351821,248,34.42196161789039
2025-09-05,4,37.148462445227594,361,35.80365910209005
2025-09-05,5,30.555653007485027,211,24.782090087729937
2025-09-06,1,21.04961557763143,480,27.49087874582318
2025-09-06,2,32.26877213893371,263,30.809486573341143
2025-09-06,3,27.83424312972747,245,24.324970257776933
2025-09-06,4,22.50045508756386,486,35.39400224780365
2025-09-06,5,30.590564863780894,224,29.26726645049662
2025-09-07,1,39.371982700056066,376,36.63407912384869
2025-09-07,2,20.12068423570091,368,24.927201822756388
2025-09-07,3,20.156636771703713,376,27.69182963248751
2025-09-07,4,28.529396842261388,321,28.450500294725984
2025-09-07,5,31.270342712962567,414,40.79110047454446
2025-09-08,1,35.75541898262994,355,32.4422574734133
2025-09-08,2,32.286357296285594,237,24.270102191828286
2025-09-08,3,35.57795794297273,381,33.35914767436633
2025-09-08,4,29.689084606730823,324,30.374402649600192
2025-09-08,5,39.1112565894578,300,29.593172119543198
2025-09-09,1,36.89176375616248,400,38.86385502827053
2025-09-09,2,39.096307506474645,425,34.26061175936142
2025-09-09,3,25.373958977480225,462,36.81554678012447
2025-09-09,4,25.26346615418404,52,11.989954425310653
2025-09-09,5,24.423285669546164,89,24.52506112916297
2025-09-10,1,21.282597091786045,186,21.68490930311164
2025-09-10,2,22.96058718699262,105,8.848918990642996
2025-09-10,3,26.53844531461194,178,25.117478720208478
2025-09-10,4,30.784214601539915,182,23.529224542709958
2025-09-10,5,26.148757010360118,395,31.23666661507858
2025-09-11,1,24.275373084829848,332,36.04800579259993
2025-09-11,2,29.908924712736884,424,38.0457123510894
2025-09-11,3,37.96287597741468,472,42.542236234247916
2025-09-11,4,37.81492333388108,136,26.6506288943267
2025-09-11,5,29.528329776818875,125,18.102955624524743
2025-09-12,1,29.03714488461093,290,28.896644950556837
2025-09-12,2,37.69589708589607,197,28.86080188435386
2025-09-12,3,24.072576194590546,121,19.616827873413467
2025-09-12,4,31.528740868702393,360,35.40209717006561
2025-09-12,5,22.50315972804005,362,27.285315742510633
2025-09-13,1,24.485386831810168,351,30.279434381953447
2025-09-13,2,38.43614537717617,378,35.28341943737936
2025-09-13,3,31.957679188956547,263,22.580215647589412
2025-09-13,4,36.844086615077224,482,41.08470646620181
2025-09-13,5,39.68070001098278,119,27.78769997232215
2025-09-14,1,29.868765840725274,263,21.631680642919598
2025-09-14,2,39.657805953106454,499,47.152463693351194
2025-09-14,3,39.44564580655883,432,40.65777526687497
2025-09-14,4,32.120370072802764,238,27.74829409973974
2025-09-14,5,24.674997797617443,130,14.35530062787015
2025-09-15,1,20.865162964213603,260,22.22921088290494
2025-09-15,2,35.61749873021018,377,38.89272760950793
2025-09-15,3,36.84075079122285,465,38.992418491263564
2025-09-15,4,33.83400689158976,352,39.923105100795
2025-09-15,5,21.064138254619323,339,24.73397360474492
2025-09-16,1,27.061589173062075,167,22.838706166354424
2025-09-16,2,24.396065604617753,95,18.7151407983707
2025-09-16,3,30.88154685510719,53,20.903811319048383
2025-09-16,4,25.62096882139066,289,21.815687068635548
2025-09-16,5,29.059954730348185,494,37.361132853127195
2025-09-17,1,27.09058641209855,83,16.578975852146584
2025-09-17,2,39.24277666977989,307,36.92717015241089
2025-09-17,3,23.163580290592698,108,13.727190028982506
2025-09-17,4,25.14010529328586,208,21.89949309344224
2025-09-17,5,31.884471938960836,290,26.999594666306134
2025-09-18,1,24.848607652676158,229,22.562798447985223
2025-09-18,2,24.369724161192188,364,28.11645203952677
2025-09-18,3,35.011787772972596,115,18.985658217963568
2025-09-18,4,27.17372818037812,74,17.084044450290815
2025-09-18,5,37.83905950873137,50,18.774044066537428
2025-09-19,1,29.855915818404117,106,20.584713735019488
2025-09-19,2,23.344179627341926,248,23.53856548352143
2025-09-19,3,35.425280859003195,330,36.070914362390006
2025-09-19,4,37.55065339033132,334,37.18696500640574
2025-09-19,5,33.14597866509125,135,21.09638999779181
2025-09-20,1,30.599470104129274,466,35.93850886048654
2025-09-20,2,30.59710070780202,307,25.7999743974189
2025-09-20,3,28.343770791806605,429,36.77146911533534
2025-09-20,4,23.872354650778675,214,23.28868687741877
2025-09-20,5,33.454416603466264,154,26.19713294649962
2025-09-21,1,29.568955333117344,179,21.41489233603271
2025-09-21,2,23.599065600709206,485,38.12817443509672
2025-09-21,3,29.085238262232934,277,23.244122138679334
2025-09-21,4,31.715382819385454,250,28.632597418326775
2025-09-21,5,36.5809628922501,78,22.75395139345989
2025-09-22,1,34.658640200184706,208,31.190111358939827
2025-09-22,2,23.46158068407529,474,32.94268893904297
2025-09-22,3,34.33316721218165,343,39.75762845428955
2025-09-22,4,23.910068077411033,89,13.636733943533272
2025-09-22,5,39.811109945363754,176,27.41898149492048
2025-09-23,1,26.515869860545603,101,20.800740211555844
2025-09-23,2,29.341798061392637,327,33.531671637256714
2025-09-23,3,25.65388173143572,460,39.82354552901469
2025-09-23,4,35.71344372323739,383,35.39083207670541
2025-09-23,5,32.77310574815486,290,28.151170478335487
2025-09-24,1,31.21612378762874,105,21.31113595656745
2025-09-24,2,39.929130084908266,122,24.53332897787302
2025-09-24,3,38.846905380450295,424,33.71784839861097
2025-09-24,4,36.24165814553358,463,42.78241279648347
2025-09-24,5,38.066395983679875,242,29.743816380151383
2025-09-25,1,29.6578064123407,187,25.503408934969343
2025-09-25,2,30.209196525789743,158,26.688008060199678
2025-09-25,3,29.713391620759744,391,32.367734368773
2025-09-25,4,30.588507013266703,476,35.61718238059094
2025-09-25,5,31.075259053834653,337,30.451877880815015
2025-09-26,1,36.00073436335493,281,28.668962115164444
2025-09-26,2,36.21243376689584,371,43.1028138279048
2025-09-26,3,31.058252617990078,181,20.393958054995952
2025-09-26,4,27.81732434911843,399,34.848438213253736
2025-09-26,5,36.76776400153035,309,34.66095085877056
2025-09-27,1,22.03980441160337,118,15.50088983235334
2025-09-27,2,38.897898344869034,124,31.165690528753757
2025-09-27,3,36.97678001768837,304,34.15250719654846
2025-09-27,4,26.067508084062943,457,34.80842979937743
2025-09-27,5,25.971290111745557,428,31.053189909298887
2025-09-28,1,34.67091431479709,66,15.129132629363298
2025-09-28,2,28.86139320063095,158,23.886969214667527
2025-09-28,3,23.51880291455728,307,31.75009134785023
2025-09-28,4,32.52973754692525,407,37.23442640093629
2025-09-28,5,28.314326845298215,158,25.43969633228231
2025-09-29,1,21.465164761818947,74,13.13016166095726
2025-09-29,2,37.97980926996482,220,31.082779274293603
2025-09-29,3,20.851190567679843,83,15.565115610599412
2025-09-29,4,37.69491406603651,220,29.765352023852277
2025-09-29,5,25.356145657518386,461,33.559996325625406
2025-09-30,1,20.679942749882464,320,30.421608937531623
2025-09-30,2,33.60102185913694,204,26.204008099525577
2025-09-30,3,22.5950840610806,462,31.844187128965928
2025-09-30,4,30.698577728268212,227,27.70659070668541
2025-09-30,5,30.05165246896599,361,39.333198841334905
2025-10-01,1,32.84324795138096,484,40.60358823757831
2025-10-01,2,25.70912069749845,303,32.79095942686331
2025-10-01,3,26.093654514318203,378,31.526187837524073
2025-10-01,4,20.754199754663812,152,14.662527473421001
2025-10-01,5,39.46955124244785,332,40.85028740080932
2025-10-02,1,31.164247487872608,214,23.52578053478939
2025-10-02,2,30.682181167208938,209,30.04131773578964
2025-10-02,3,22.50758099962336,141,16.53771873812534
2025-10-02,4,30.442978226439156,275,28.018329419358565
2025-10-02,5,28.304080869847375,279,33.889206921837925
2025-10-03,1,21.148287294525094,299,23.527556489752936
2025-10-03,2,26.816501794962644,462,32.97268770195865
2025-10-03,3,36.6181760830586,256,31.899728834283042
2025-10-03,4,34.93650081744113,87,23.962357584857497
2025-10-03,5,26.889742452824258,70,17.793263593697407
2025-10-04,1,20.236590430779366,448,34.865150854024215
2025-10-04,2,39.7653615925285,358,41.57964337716597
2025-10-04,3,37.87938428160483,445,36.812890843154264
2025-10-04,4,22.172363985946394,349,32.03690222452757
2025-10-04,5,25.168135311100183,96,15.35743823326239
2025-10-05,1,24.91669416760061,226,25.38801579559125
2025-10-05,2,22.101404448409184,232,22.30101732398464
2025-10-05,3,21.249390323257195,477,36.52529636888871
2025-10-05,4,24.682030382574478,140,15.862240245900045
2025-10-05,5,21.358830652756748,162,9.29603295121414
2025-10-06,1,30.603263969446953,284,27.20522779551148
2025-10-06,2,26.638308910023873,113,15.08798417156126
2025-10-06,3,34.94921257567039,415,38.885749854445635
2025-10-06,4,38.96426818725391,371,42.17196052497086
2025-10-06,5,32.51323782233288,115,23.185074544965016
2025-10-07,1,37.35500783134424,349,38.569083706265104
2025-10-07,2,34.7387166648085,72,19.117608898148905
2025-10-07,3,27.897653494818776,62,17.602582572339262
2025-10-07,4,20.996310890201283,218,28.812610621235763
2025-10-07,5,28.669385292537648,241,30.805425441887635
2025-10-08,1,30.658519688867045,422,37.13621752723768
2025-10-08,2,31.402236684636982,429,39.064583280812734
2025-10-08,3,33.581708959596575,464,44.205019129270866
2025-10-08,4,20.399193162407357,469,30.85852463394983
2025-10-08,5,28.976429237503133,211,25.16139935908024
2025-10-09,1,31.59225882126748,116,22.74265562882802
2025-10-09,2,36.80873208398552,316,35.901160361302615
2025-10-09,3,29.514882230761355,318,33.23519508968898
2025-10-09,4,38.99748941442809,489,41.21625084765803
2025-10-09,5,22.6096361303664,90,15.43837910818561
2025-10-10,1,34.2286307228072,175,28.948402629040864
2025-10-10,2,29.0409717117293,183,25.313350349392017
2025-10-10,3,38.433682245633136,447,41.60727192686877
2025-10-10,4,36.491484288120176,485,45.30199767523158
2025-10-10,5,20.25791265865895,167,14.437600479643457
2025-10-11,1,28.463157434034237,174,22.116199410465345
2025-10-11,2,39.77791861625883,290,31.62303586000187
2025-10-11,3,37.71203430752748,316,32.82535824221142
2025-10-11,4,23.866945669905334,236,22.072653527095646
2025-10-11,5,36.11770949617345,198,31.020349350569077
2025-10-12,1,38.98261960108413,157,30.57755387600077
2025-10-12,2,25.72174831953194,418,36.52380557459863
2025-10-12,3,22.654014344278192,443,29.686671965234506
2025-10-12,4,26.448434320685337,339,31.379466268964528
2025-10-12,5,37.25221362806944,210,29.05297242635824
2025-10-13,1,27.02392922414718,368,35.48826141760201
2025-10-13,2,38.858441812372945,146,33.613080875137925
2025-10-13,3,27.093973701629928,468,34.701880703540745
2025-10-13,4,28.340491871321333,99,21.808868953386416
2025-10-13,5,37.15483050261888,196,30.784041270006746
2025-10-14,1,36.00347428852211,456,41.96266542216114
2025-10-14,2,33.98742441236127,173,23.01714456282263
2025-10-14,3,28.395778603646857,357,31.0022830106684
2025-10-14,4,21.55525204226141,402,27.425442166784862
2025-10-14,5,38.73169639375514,311,33.221227318809134
2025-10-15,1,37.54732664582593,228,27.88234169659013
2025-10-15,2,33.099571098853595,381,38.93432528263232
2025-10-15,3,30.664170828816534,336,33.06236378177133
2025-10-15,4,23.982319044215274,220,20.714395526242576
2025-10-15,5,30.10512210067327,411,35.902389994296016
2025-10-16,1,23.399065625910595,362,33.28644609012159
2025-10-16,2,23.924151005977876,310,27.552745716454027
2025-10-16,3,39.065116827725305,151,25.375953449585428
2025-10-16,4,26.423833065255288,369,32.98235507206444
2025-10-16,5,28.53143372848822,80,15.01769841048066
2025-10-17,1,39.24046737562589,250,31.95458762452788
2025-10-17,2,28.87213671876483,269,25.257682788866212
2025-10-17,3,22.400677737248074,461,33.320985061769356
2025-10-17,4,29.977756720284543,231,29.396799012517885
2025-10-17,5,25.68451790238891,213,24.703935417112184
2025-10-18,1,37.56302806940377,376,40.123607558554994
2025-10-18,2,28.555622680476944,268,28.043473450782255
2025-10-18,3,24.990602789525333,157,21.343077782686834
2025-10-18,4,39.424575195994024,161,28.511319594177287
2025-10-18,5,34.93796357611608,50,17.639823850958333
2025-10-19,1,24.862761652878866,424,27.654430534058022
2025-10-19,2,24.50146757608657,494,33.84528739155479
2025-10-19,3,39.17107659375403,246,28.320134868387857
2025-10-19,4,29.461733385083615,479,36.88504931296682
2025-10-19,5,35.81203540485908,367,34.932138119714615
2025-10-20,1,24.007238803500258,382,31.334355437340992
2025-10-20,2,28.287041197221605,294,32.27122466365299
2025-10-20,3,31.220592260738258,424,38.913459159219386
2025-10-20,4,33.77786763870084,308,31.490521968506027
2025-10-20,5,34.8279273418826,129,19.77982237640022
2025-10-21,1,22.975818142413097,361,29.483122965549377
2025-10-21,2,28.821009004722075,190,26.933077701562237
2025-10-21,3,38.89854097133711,173,26.763344162795534
2025-10-21,4,24.118027828196247,191,23.42412852911271
2025-10-21,5,37.71973313110003,63,18.907103959115958
2025-10-22,1,29.26088150783435,184,27.666597784878608
2025-10-22,2,29.293749635489192,391,34.87513947146963
2025-10-22,3,37.496786324597345,90,20.442154102425327
2025-10-22,4,32.23025263864507,260,31.018482729550588
2025-10-22,5,20.574438525009857,69,10.490708122743166
2025-10-23,1,36.740215148839965,333,36.591162324669426
2025-10-23,2,26.337039666142346,226,25.204451314458066
2025-10-23,3,21.01805698439414,254,22.735907007304803
2025-10-23,4,30.53220577522745,151,22.273972956309052
2025-10-23,5,24.071818852593474,323,26.974951655208212
2025-10-24,1,20.017589310573843,413,36.08637013515693
2025-10-24,2,25.791696475568628,423,29.38385913673535
2025-10-24,3,26.37626947149477,76,17.704662554660207
2025-10-24,4,25.000182794130502,331,30.836323198784584
2025-10-24,5,37.62903656940357,61,17.53419237100822
2025-10-25,1,22.638865478578218,95,18.65747752527889
2025-10-25,2,30.920339493871467,386,37.55381081062147
2025-10-25,3,30.31922598936267,411,38.18834872019774
2025-10-25,4,29.62890743125219,497,39.87544764603225
2025-10-25,5,30.888455759317942,278,27.713365226413078
2025-10-26,1,31.358076858094044,76,25.312958271402724
2025-10-26,2,22.319248975975594,485,39.469835535819755
2025-10-26,3,38.35247765898167,100,23.21623056222539
2025-10-26,4,26.59585721859071,237,26.768987117559167
2025-10-26,5,25.62945713052683,55,17.46904461589854
2025-10-27,1,21.208917195318655,108,10.877664008168784
2025-10-27,2,37.31357915786154,171,26.450296164883394
2025-10-27,3,34.50867861397498,283,31.839789779150923
2025-10-27,4,25.989834519380306,452,37.174031980490504
2025-10-27,5,31.760439300098014,84,17.251049712749886
2025-10-28,1,24.225673979224762,479,34.45989335840775
2025-10-28,2,21.120236981853196,278,21.90778796200015
2025-10-28,3,33.871766806120505,494,40.70412950739268
2025-10-28,4,26.04877733837735,331,32.451677324694316
2025-10-28,5,37.87634913249711,281,32.315877821861285
2025-10-29,1,33.74600306790052,363,31.231170663003454
2025-10-29,2,23.33853451724518,275,23.314490001635328
2025-10-29,3,34.02386143834807,172,23.98351895769009
2025-10-29,4,39.253201022089726,150,25.318254043467046
2025-10-29,5,22.66041596550438,357,32.11528189865475
2025-10-30,1,27.166037155259236,395,35.79401964596429
2025-10-30,2,27.05790118064823,458,39.51492295300092
2025-10-30,3,29.693534890676066,441,36.59107622062021
2025-10-30,4,22.81593747766739,339,29.226071417393378
2025-10-30,5,31.888048155027604,125,22.1604938450762
2025-10-31,1,39.97112066045456,255,30.574150441847756
2025-10-31,2,28.27789450412009,406,35.97219604377564
2025-10-31,3,22.782535775178687,460,36.48382855497035
2025-10-31,4,27.595656033876942,379,33.45794391418189
2025-10-31,5,27.2536571667312,67,16.952680120088804
2025-11-01,1,39.42708998810147,211,26.132886527883596
2025-11-01,2,27.493324960632588,187,16.9101526693204
2025-11-01,3,20.463996822235643,137,14.029633474005252
2025-11-01,4,30.02362796156123,250,25.92077294198889
2025-11-01,5,35.584167876062295,311,34.73214827553993
2025-11-02,1,37.1319218998992,314,31.067094118114476
2025-11-02,2,39.94395454233268,403,40.8617414614543
2025-11-02,3,25.774193863963603,54,15.881889169622106
2025-11-02,4,20.193263838761748,490,34.427879261693235
2025-11-02,5,26.80821804747113,236,25.537096526610387
2025-11-03,1,22.032276375516876,360,33.35569121683775
2025-11-03,2,26.591799449897252,140,19.651519085386443
2025-11-03,3,20.148628236391183,377,28.140634972693558
2025-11-03,4,32.62057863832926,484,41.32199464542128
2025-11-03,5,23.119895416183176,357,30.1157596588023
2025-11-04,1,26.273845421115894,58,16.510112537242147
2025-11-04,2,39.94728535029222,157,23.630283089595075
2025-11-04,3,24.41797309044349,116,20.399270105693464
2025-11-04,4,32.03030610791372,404,32.96031960759047
2025-11-04,5,35.62437463306922,82,22.457786056303544
2025-11-05,1,38.197247031931916,116,29.108250910584054
2025-11-05,2,29.13908530620015,428,38.23278588492524
2025-11-05,3,23.541425000662205,249,26.00312527917392
2025-11-05,4,39.706531084739424,81,23.303160626505587
2025-11-05,5,28.943936650258607,362,29.994185457877677
2025-11-06,1,29.26277138263331,398,33.633353482728694
2025-11-06,2,22.51150238518038,310,30.710349149096622
2025-11-06,3,33.66228150578454,107,26.7463481259925
2025-11-06,4,28.607027788963087,442,37.6289225747833
2025-11-06,5,31.244855062542918,64,15.728382753784544
2025-11-07,1,37.1854847570613,79,20.061231009319876
2025-11-07,2,32.28147208064739,146,25.519274527845283
2025-11-07,3,31.25134311315918,74,16.683955267545507
2025-11-07,4,28.22299669470834,294,31.11241057507731
2025-11-07,5,27.80895448772481,230,30.25866225161765
2025-11-08,1,37.001713159039795,420,38.624639470118154
2025-11-08,2,22.312115310062598,268,19.58533712328064
2025-11-08,3,39.66002233811176,356,41.50462794955992
2025-11-08,4,28.08995207324743,322,28.643644771300124
2025-11-08,5,34.810914081924395,323,33.79620846582436
2025-11-09,1,27.82818968988556,431,36.94145684459724
2025-11-09,2,25.83527893650049,380,34.945045947501285
2025-11-09,3,33.3279730265269,204,28.455215664093565
2025-11-09,4,21.901239670546186,252,24.14804365403704
2025-11-09,5,22.66750880050836,111,16.0714515076948
2025-11-10,1,20.864127338918607,334,25.529449716517167
2025-11-10,2,32.39733340665808,132,24.493432553281927
2025-11-10,3,37.40261417436229,483,47.506525759962486
2025-11-10,4,25.400978873014935,314,28.27147656141018
2025-11-10,5,39.95077456079936,375,42.86886831462073
2025-11-11,1,25.27596415724083,445,34.79866731277654
2025-11-11,2,36.333195689341466,309,28.58806638677258
2025-11-11,3,26.304326658105104,100,14.720908620002337
2025-11-11,4,33.32372435302777,195,24.15749993737154
2025-11-11,5,38.41493913678025,188,26.112806982752428
2025-11-12,1,22.765152508575014,300,19.26298909959869
2025-11-12,2,29.282059183737047,373,35.31295964932353
2025-11-12,3,28.8106018402763,354,29.727450576355235
2025-11-12,4,22.625109328554252,224,24.427807685474036
2025-11-12,5,29.932209919376213,329,33.875306659226105
2025-11-13,1,33.82028033308144,211,28.764019445875903
2025-11-13,2,35.46426917034446,205,31.611107398624736
2025-11-13,3,27.25212558498712,78,20.894530607345715
2025-11-13,4,36.675993124699815,144,28.611116518205733
2025-11-13,5,24.299897774944476,108,15.791644305610996
2025-11-14,1,28.130828811156498,268,28.98506199568687
2025-11-14,2,20.20817445510502,64,20.065622619167847
2025-11-14,3,38.91748672543399,433,37.18421899563331
2025-11-14,4,27.98334155583491,376,36.13547414866076
2025-11-14,5,22.342125503163995,447,36.99520329544037
2025-11-15,1,29.522797125950014,121,22.21682107470095
2025-11-15,2,23.033082784506195,139,11.182648908060568
2025-11-15,3,39.76537163172119,386,40.04341953267612
2025-11-15,4,25.852944895789715,51,15.052705487731227
2025-11-15,5,37.35720215878307,259,34.64630178917653
2025-11-16,1,24.091915108604883,100,16.820944785814877
2025-11-16,2,35.107404390903596,179,25.140527460540333
2025-11-16,3,32.30883458452088,79,20.76956813528653
2025-11-16,4,31.848829051129947,306,33.993485043891816
2025-11-16,5,36.655051395543445,359,36.10122850248872
2025-11-17,1,28.060782927861005,131,20.66851764675315
2025-11-17,2,32.23392472419722,238,29.44872767587025
2025-11-17,3,23.23805475268825,448,34.553593840602886
2025-11-17,4,33.11609972641972,190,25.267409614746665
2025-11-17,5,33.528139092247244,199,25.147112025335648
2025-11-18,1,20.71551640016623,483,33.54476404599889
2025-11-18,2,39.9031252466656,306,36.64013065140237
2025-11-18,3,39.70493718820515,435,42.81945178730133
2025-11-18,4,22.290192077299057,315,26.41780982587087
2025-11-18,5,30.916776782178665,496,41.64423019611232
2025-11-19,1,30.68200394489303,86,21.20005228247338
2025-11-19,2,39.24977408692833,139,28.671147906811008
2025-11-19,3,23.71317485757728,186,23.855260509810215
2025-11-19,4,39.5476526574897,100,25.934561540012915
2025-11-19,5,25.269228094208437,484,34.88937856103355
2025-11-20,1,28.529595547067352,425,39.53758370622929
2025-11-20,2,35.328273016461296,241,30.80136801222379
2025-11-20,3,36.13760335028353,256,34.587253747520016
2025-11-20,4,33.535758618900246,271,27.070157291896347
2025-11-20,5,37.72798826710239,54,21.67144335423981
2025-11-21,1,35.292174701991016,225,30.060814962445455
2025-11-21,2,21.08371161371774,309,25.24846018160862
2025-11-21,3,39.02781057116329,86,25.328109554859292
2025-11-21,4,25.741144746294694,207,21.447353268983868
2025-11-21,5,21.379639997370386,427,32.71894126976793
2025-11-22,1,26.361207610732972,363,30.9176766499677
2025-11-22,2,30.995583760007328,461,42.82902506528622
2025-11-22,3,26.35781246514837,394,33.5785777365487
2025-11-22,4,38.09010152298024,130,24.76945840187538
2025-11-22,5,33.05464240999709,119,20.191264878758265
2025-11-23,1,37.91528919014618,329,31.29038728622655
2025-11-23,2,34.5248285887498,321,33.96770000790989
2025-11-23,3,22.75728620273458,363,26.28282010836687
2025-11-23,4,22.53031302668959,128,16.60581795235228
2025-11-23,5,28.591820270404654,63,12.715695253293273
2025-11-24,1,32.88520462715282,61,18.21760879842939
2025-11-24,2,28.90169503341404,304,30.953908252547464
2025-11-24,3,20.31321065114668,114,13.968714813577567
2025-11-24,4,39.81127749253322,477,39.474719796289605
2025-11-24,5,31.419011349188178,302,31.010806997218246
2025-11-25,1,23.618149092411993,363,33.153396916354055
2025-11-25,2,30.96862920918951,144,22.781779059936884
2025-11-25,3,21.99142496014129,110,16.275332106886147
2025-11-25,4,24.97558861583777,419,33.15184695570393
2025-11-25,5,31.663763914632455,217,31.098775470309505
2025-11-26,1,29.74971627346408,450,36.35979068812166
2025-11-26,2,28.67358585875513,190,23.619963507705172
2025-11-26,3,23.606131155514948,417,38.845909077519764
2025-11-26,4,38.744443187182185,78,24.20858316702601
2025-11-26,5,20.662543773401964,438,32.54145374066828
2025-11-27,1,33.276928170435234,405,35.066517214095256
2025-11-27,2,29.678055792991866,297,30.351087794901193
2025-11-27,3,34.10535921092667,370,36.94014826640083
2025-11-27,4,25.017581872564616,246,20.090011804720366
2025-11-27,5,35.038739573737175,214,27.199106312676495
2025-11-28,1,30.431804590562482,398,32.98245255778393
2025-11-28,2,24.891757706018154,61,13.92790379656735
2025-11-28,3,38.97569576753495,448,48.443650278230464
2025-11-28,4,32.29954954556078,429,32.62164678852447
2025-11-28,5,20.866429601019544,242,23.8057643627381
2025-11-29,1,37.783306313380805,362,36.45909205855801
2025-11-29,2,23.94098843401643,222,19.85027102971723
2025-11-29,3,30.43639929226586,333,30.88311192483221
2025-11-29,4,29.122232151716943,444,34.55074710210279
2025-11-29,5,26.60906800072035,189,19.405439788617752
2025-11-30,1,36.63955893240383,195,30.44749948991571
2025-11-30,2,20.21633641834783,406,40.27026928687045
2025-11-30,3,33.88965650025036,51,21.310641258233286
2025-11-30,4,31.221277382825804,338,30.519609540513265
2025-11-30,5,21.99834733719951,332,29.08387422836464
2025-12-01,1,22.032785941136964,369,24.86333554783903
2025-12-01,2,20.324947844932638,150,21.403403152256402
2025-12-01,3,23.84646098836736,441,29.021892533853745
2025-12-01,4,27.482661309736574,445,41.0959634385772
2025-12-01,5,26.132790879387716,286,29.222877545238955
2025-12-02,1,29.108687455011015,495,36.1928945872214
2025-12-02,2,23.478201624782294,66,12.146325776898838
2025-12-02,3,32.01610266998786,271,30.827714703295573
2025-12-02,4,36.637076724848086,58,21.91502770096681
2025-12-02,5,26.4660541951395,173,21.130898757844175
2025-12-03,1,33.68781887766883,105,24.960042068242508
2025-12-03,2,25.013518738910662,432,29.541508812782173
2025-12-03,3,32.2536660891951,85,19.87750549734006
2025-12-03,4,35.72921394050085,341,35.70523455160774
2025-12-03,5,26.198402296957745,365,35.31534412385979
2025-12-04,1,35.80853937024177,152,20.916624730804166
2025-12-04,2,21.44017948769765,211,17.17775540649525
2025-12-04,3,33.61979445847581,113,23.333844981695805
2025-12-04,4,38.3924742942456,97,25.40715139363776
2025-12-04,5,31.639981318736428,99,21.779353794760326
2025-12-05,1,37.44425160598854,190,28.802268519144803
2025-12-05,2,25.845056461081576,146,20.46920147683552
2025-12-05,3,38.959488886706026,352,39.024918108608325
2025-12-05,4,38.40372505481829,323,35.40413506168839
2025-12-05,5,24.098207494320132,309,25.328128447479706
2025-12-06,1,38.845565021981656,308,30.67979751614002
2025-12-06,2,22.772453715803422,101,15.715037093422934
2025-12-06,3,26.49184566718788,59,18.532676502980724
2025-12-06,4,23.93646523642372,121,12.626349855874883
2025-12-06,5,28.02497249546442,109,18.42986808137566
2025-12-07,1,32.32731587429177,355,29.722186499432134
2025-12-07,2,20.690037152028093,418,31.367170235001286
2025-12-07,3,25.73617276096448,152,20.665909598718827
2025-12-07,4,23.29154843065042,331,29.45473450906794
2025-12-07,5,37.78194933672204,138,25.565867990417207
2025-12-08,1,22.36510957446421,309,26.370987819664908
2025-12-08,2,36.27523347885588,495,40.92951670018739
2025-12-08,3,22.009486153022568,355,29.656172886169603
2025-12-08,4,34.1931492438843,163,22.10592324991973
2025-12-08,5,23.139564520350085,67,14.407265571866612
2025-12-09,1,29.840460382748702,198,19.10904846997894
2025-12-09,2,36.243580739533265,147,30.12980472520995
2025-12-09,3,31.80216896388135,343,32.442941155094275
2025-12-09,4,31.70735903522044,477,36.81542492556308
2025-12-09,5,35.59480028158421,187,23.37164995606333
2025-12-10,1,31.30360191654424,289,33.31705310192123
2025-12-10,2,29.243825339796473,153,24.47717598049609
2025-12-10,3,20.0570370196711,180,19.808505176323774
2025-12-10,4,20.736931367482807,497,35.37653482773631
2025-12-10,5,34.788575592332656,442,38.81701387993818
2025-12-11,1,30.892420401746477,146,23.618922981214638
2025-12-11,2,31.47155320524492,406,31.737224117390866
2025-12-11,3,36.46756788525194,336,33.77049902982764
2025-12-11,4,25.980980695523012,127,18.06648390204318
2025-12-11,5,34.430328069731516,195,30.295611884869157
2025-12-12,1,38.8811998062161,101,29.712193133325787
2025-12-12,2,29.02713799905544,470,43.59346346880534
2025-12-12,3,29.191265672427512,347,33.47635847393529
2025-12-12,4,38.89138856201271,267,30.851888738513566
2025-12-12,5,38.2325079672171,313,36.73339526957124
2025-12-13,1,35.860983759905295,462,41.65110854701135
2025-12-13,2,31.673353544844744,282,28.719857204002555
2025-12-13,3,31.797809376994266,123,25.382609763328542
2025-12-13,4,26.700340505017046,133,20.104899779462546
2025-12-13,5,21.81759270918198,84,10.504065341926843
2025-12-14,1,27.42373696646646,128,19.82612774661701
2025-12-14,2,33.059412652598404,124,23.132285705875795
2025-12-14,3,37.24056103424553,358,34.12946589154273
2025-12-14,4,22.8764377068857,400,30.228058725876995
2025-12-14,5,27.69459165281662,410,41.91275208135935
2025-12-15,1,35.24784075746465,352,32.98480225383983
2025-12-15,2,31.585817157704827,309,27.176532043084293
2025-12-15,3,30.557479679124803,480,40.12633499854418
2025-12-15,4,23.17027775545295,420,36.75313719943052
2025-12-15,5,38.10036909329139,90,25.905569567146415
2025-12-16,1,36.312842259509026,60,24.958023315634307
2025-12-16,2,22.049879621513547,201,20.36034234020879
2025-12-16,3,32.278025760784104,161,23.082434493626923
2025-12-16,4,38.23711928839405,133,21.203184295533124
2025-12-16,5,39.766252991252884,190,25.958012945537366
2025-12-17,1,22.299619242627706,452,34.37994319113134
2025-12-17,2,36.95060709890542,472,45.25574392003687
2025-12-17,3,31.101503232293624,354,33.98932213653206
2025-12-17,4,21.463640432200158,187,20.669552695646647
2025-12-17,5,36.16395630238522,280,30.35925154270116
2025-12-18,1,25.016327377470873,213,27.214108078645715
2025-12-18,2,26.502887875024065,331,29.206982110147287
2025-12-18,3,39.65595927445297,259,32.29835833596539
2025-12-18,4,32.63749901220744,483,39.1653309161506
2025-12-18,5,39.79234773988374,59,17.918494240133622
2025-12-19,1,25.77497565058539,416,33.38132092998081
2025-12-19,2,37.2401845897091,449,38.94842150476855
2025-12-19,3,20.5143491211386,217,24.507511935423807
2025-12-19,4,23.981167244291964,101,19.128689004570447
2025-12-19,5,37.808447681997364,445,43.046744546626016
2025-12-20,1,30.990761382325402,431,34.066031073804766
2025-12-20,2,29.921003809977037,260,31.52903219760124
2025-12-20,3,21.01909809682927,194,18.574156067232085
2025-12-20,4,38.94778371670737,155,26.816802858622356
2025-12-20,5,23.068476811134524,221,22.584615633408802
2025-12-21,1,21.43835494789008,276,24.052860711189467
2025-12-21,2,21.279867645552322,448,29.170738388515595
2025-12-21,3,22.283997437776,175,16.444904846408203
2025-12-21,4,33.9156905180898,55,21.235383248278307
2025-12-21,5,22.291723537482852,265,26.467913752258813
2025-12-22,1,38.830491381209846,350,37.10203321673603
2025-12-22,2,34.28882535759488,166,27.17318608929841
2025-12-22,3,28.64055656703048,364,33.116669915511636
2025-12-22,4,33.67505749273056,267,26.482134400673573
2025-12-22,5,31.411963840697496,231,29.406514935720303
2025-12-23,1,25.737568137927692,303,27.59724071445958
2025-12-23,2,33.113487487102645,226,26.347500102326897
2025-12-23,3,31.555155650090498,140,25.44049024177675
2025-12-23,4,29.793853199600257,136,20.50452748318834
2025-12-23,5,24.36127396287586,62,15.75636257261245
2025-12-24,1,35.08826574864113,469,44.05668905186595
2025-12-24,2,27.76764718544129,249,29.06906859431221
2025-12-24,3,39.57467329958003,228,34.8751549568755
2025-12-24,4,25.123730285224234,369,28.890625777214918
2025-12-24,5,29.817171291293672,141,18.192285147334278
2025-12-25,1,29.631880747689692,189,26.600254526100763
2025-12-25,2,23.294882569425088,176,20.034335056340492
2025-12-25,3,22.11628465298413,127,17.05956239654068
2025-12-25,4,31.500664130466113,67,15.254175589556748
2025-12-25,5,37.776169597233604,346,34.06193187340605
2025-12-26,1,37.37002050033017,195,26.367346993849647
2025-12-26,2,23.51379755899873,465,37.19048380296244
2025-12-26,3,38.39933771967778,395,36.56139787326559
2025-12-26,4,26.997532587899563,382,35.58983672811739
2025-12-26,5,23.15026164129149,298,24.442007655273418
2025-12-27,1,34.343534291220884,350,33.48659842103342
2025-12-27,2,28.520388330518777,445,38.8340363987911
2025-12-27,3,23.270978281404574,76,18.224758988061566
2025-12-27,4,38.28324817066416,261,34.37305107065246
2025-12-27,5,38.681889960175965,222,31.380345112345367
2025-12-28,1,38.27630605777399,225,24.89949298044434
2025-12-28,2,39.38874554758277,98,30.89484117252822
2025-12-28,3,26.84219970937995,233,17.33630936383433
2025-12-28,4,25.876606476970554,445,37.95020819633467
2025-12-28,5,36.54549359703802,286,32.906562134451846
2025-12-29,1,28.470836299974525,122,20.039920758812123
2025-12-29,2,32.761196104537476,271,24.498329774976657
2025-12-29,3,37.00582079389427,266,31.078202476354342
2025-12-29,4,38.30845612013286,348,33.99560982039092
2025-12-29,5,21.848231728365587,419,25.90681593249944
2025-12-30,1,25.74207974532982,93,21.39208200940799
2025-12-30,2,31.11409932895642,439,37.96798939423541
2025-12-30,3,30.31785461368427,225,24.95393273381188
2025-12-30,4,39.82592879334896,402,36.50843630068822
2025-12-30,5,20.03938696213651,452,32.36696351104289
2025-12-31,1,22.318412417114686,189,21.62806790187562
2025-12-31,2,33.68812250131964,385,36.91556585259112
2025-12-31,3,37.818705718773046,385,36.352127869156135
2025-12-31,4,22.6222015249163,110,16.14782190580186
2025-12-31,5,31.96271267733742,427,42.298370218491115
